DEVICE_ID,DEVICE_TYPE,PETAL_ID,BUS_ID,CAN_ID,PETAL_LOC,DEVICE_LOC,FVC_ID,SLIT_ID,SLITBLOCK_ID,BLOCKFIBER_ID,SPECTRO_ID,ENABLED
M00285,POS,1,12,285,3,126,1126,,,,,N/A
M00421,POS,1,15,421,3,357,1357,,,,,N/A
M00628,POS,1,22,628,3,368,1368,,,,,N/A
M00741,POS,1,17,741,3,464,1464,,,,,N/A
M00796,POS,1,11,796,3,98,1098,,,,,N/A
M01051,POS,1,14,1051,3,510,1510,,,,,N/A
M01057,POS,1,14,1057,3,494,1494,,,,,N/A
M01060,POS,1,14,1060,3,409,1409,,,,,N/A
M01066,POS,1,13,1066,3,222,1222,,,,,N/A
M01258,POS,1,13,1258,3,91,1091,,,,,N/A
M01292,POS,1,11,1292,3,48,1048,,,,,N/A
M01302,POS,1,15,1302,3,294,1294,,,,,N/A
M01342,POS,1,15,1342,3,362,1362,,,,,N/A
M01347,POS,1,11,1347,3,88,1088,,,,,N/A
M01373,POS,1,14,1373,3,492,1492,,,,,N/A
M01395,POS,1,12,1395,3,156,1156,,,,,N/A
M01409,POS,1,22,1409,3,289,1289,,,,,N/A
M01412,POS,1,12,1412,3,187,1187,,,,,N/A
M01414,POS,1,10,1414,3,13,1013,,,,,N/A
M01430,POS,1,15,1430,3,336,1336,,,,,N/A
M01436,POS,1,22,1436,3,347,1347,,,,,N/A
M01437,POS,1,22,1437,3,307,1307,,,,,N/A
M01438,POS,1,13,1438,3,72,1072,,,,,N/A
M01449,POS,1,12,1449,3,202,1202,,,,,N/A
M01451,POS,1,14,1451,3,508,1508,,,,,N/A
M01462,POS,1,11,1462,3,39,1039,,,,,N/A
M01472,POS,1,17,1472,3,332,1332,,,,,N/A
M01475,POS,1,22,1475,3,388,1388,,,,,N/A
M01504,POS,1,11,1504,3,40,1040,,,,,N/A
M01508,POS,1,11,1508,3,47,1047,,,,,N/A
M01529,POS,1,17,1529,3,314,1314,,,,,N/A
M01575,POS,1,15,1575,3,295,1295,,,,,N/A
M01578,POS,1,14,1578,3,387,1387,,,,,N/A
M01590,POS,1,15,1590,3,223,1223,,,,,N/A
M01596,POS,1,17,1596,3,335,1335,,,,,N/A
M01597,POS,1,15,1597,3,337,1337,,,,,N/A
M01603,POS,1,12,1603,3,217,1217,,,,,N/A
M01606,POS,1,22,1606,3,329,1329,,,,,N/A
M01610,POS,1,11,1610,3,65,1065,,,,,N/A
M01620,POS,1,13,1620,3,191,1191,,,,,N/A
M01639,POS,1,17,1639,3,461,1461,,,,,N/A
M01641,POS,1,11,1641,3,111,1111,,,,,N/A
M01652,POS,1,17,1652,3,462,1462,,,,,N/A
M01654,POS,1,17,1654,3,377,1377,,,,,N/A
M01657,POS,1,22,1657,3,367,1367,,,,,N/A
M01660,POS,1,11,1660,3,99,1099,,,,,N/A
M01663,POS,1,15,1663,3,316,1316,,,,,N/A
M01664,POS,1,14,1664,3,385,1385,,,,,N/A
M01668,POS,1,22,1668,3,287,1287,,,,,N/A
M01733,POS,1,10,1733,3,31,1031,,,,,N/A
M01785,POS,1,11,1785,3,87,1087,,,,,N/A
M01798,POS,1,11,1798,3,77,1077,,,,,N/A
M01820,POS,1,11,1820,3,53,1053,,,,,N/A
M01821,POS,1,12,1821,3,138,1138,,,,,N/A
M01822,POS,1,23,1822,3,285,1285,,,,,N/A
M01836,POS,1,17,1836,3,399,1399,,,,,N/A
M01858,POS,1,11,1858,3,35,1035,,,,,N/A
M01867,POS,1,11,1867,3,32,1032,,,,,N/A
M01890,POS,1,17,1890,3,421,1421,,,,,N/A
M01891,POS,1,15,1891,3,258,1258,,,,,N/A
M01892,POS,1,17,1892,3,356,1356,,,,,N/A
M01908,POS,1,22,1908,3,391,1391,,,,,N/A
M01928,POS,1,12,1928,3,172,1172,,,,,N/A
M01936,POS,1,22,1936,3,327,1327,,,,,N/A
M01963,POS,1,15,1963,3,275,1275,,,,,N/A
M01981,POS,1,11,1981,3,22,1022,,,,,N/A
M01982,POS,1,15,1982,3,342,1342,,,,,N/A
M01985,POS,1,13,1985,3,206,1206,,,,,N/A
M01988,POS,1,15,1988,3,276,1276,,,,,N/A
M01989,POS,1,11,1989,3,46,1046,,,,,N/A
M01991,POS,1,15,1991,3,338,1338,,,,,N/A
M01999,POS,1,22,1999,3,389,1389,,,,,N/A
M02002,POS,1,22,2002,3,346,1346,,,,,N/A
M02004,POS,1,17,2004,3,443,1443,,,,,N/A
M02009,POS,1,17,2009,3,440,1440,,,,,N/A
M02010,POS,1,15,2010,3,293,1293,,,,,N/A
M02012,POS,1,11,2012,3,100,1100,,,,,N/A
M02018,POS,1,11,2018,3,58,1058,,,,,N/A
M02026,POS,1,15,2026,3,404,1404,,,,,N/A
M02049,POS,1,14,2049,3,523,1523,,,,,N/A
M02052,POS,1,17,2052,3,442,1442,,,,,N/A
M02059,POS,1,22,2059,3,330,1330,,,,,N/A
M02062,POS,1,15,2062,3,298,1298,,,,,N/A
M02070,POS,1,15,2070,3,341,1341,,,,,N/A
M02071,POS,1,22,2071,3,306,1306,,,,,N/A
M02074,POS,1,17,2074,3,420,1420,,,,,N/A
M02084,POS,1,12,2084,3,201,1201,,,,,N/A
M02116,POS,1,22,2116,3,412,1412,,,,,N/A
M02119,POS,1,11,2119,3,66,1066,,,,,N/A
M02136,POS,1,11,2136,3,29,1029,,,,,N/A
M02138,POS,1,15,2138,3,257,1257,,,,,N/A
M02142,POS,1,15,2142,3,296,1296,,,,,N/A
M02143,POS,1,10,2143,3,9,1009,,,,,N/A
M02144,POS,1,15,2144,3,315,1315,,,,,N/A
M02145,POS,1,22,2145,3,370,1370,,,,,N/A
M02149,POS,1,15,2149,3,297,1297,,,,,N/A
M02152,POS,1,17,2152,3,398,1398,,,,,N/A
M02155,POS,1,17,2155,3,441,1441,,,,,N/A
M02158,POS,1,15,2158,3,240,1240,,,,,N/A
M02161,POS,1,14,2161,3,473,1473,,,,,N/A
M02162,POS,1,15,2162,3,260,1260,,,,,N/A
M02163,POS,1,15,2163,3,277,1277,,,,,N/A
M02169,POS,1,11,2169,3,43,1043,,,,,N/A
M02175,POS,1,22,2175,3,269,1269,,,,,N/A
M02180,POS,1,15,2180,3,241,1241,,,,,N/A
M02182,POS,1,11,2182,3,21,1021,,,,,N/A
M02187,POS,1,22,2187,3,326,1326,,,,,N/A
M02198,POS,1,22,2198,3,305,1305,,,,,N/A
M02202,POS,1,10,2202,3,5,1005,,,,,N/A
M02214,POS,1,17,2214,3,463,1463,,,,,N/A
M02220,POS,1,22,2220,3,345,1345,,,,,N/A
M02221,POS,1,22,2221,3,268,1268,,,,,N/A
M02222,POS,1,10,2222,3,20,1020,,,,,N/A
M02223,POS,1,12,2223,3,186,1186,,,,,N/A
M02224,POS,1,22,2224,3,308,1308,,,,,N/A
M02226,POS,1,11,2226,3,34,1034,,,,,N/A
M02230,POS,1,23,2230,3,248,1248,,,,,N/A
M02233,POS,1,10,2233,3,25,1025,,,,,N/A
M02236,POS,1,15,2236,3,361,1361,,,,,N/A
M02278,POS,1,14,2278,3,431,1431,,,,,N/A
M02291,POS,1,13,2291,3,109,1109,,,,,N/A
M02298,POS,1,17,2298,3,484,1484,,,,,N/A
M02304,POS,1,15,2304,3,279,1279,,,,,N/A
M02362,POS,1,17,2362,3,355,1355,,,,,N/A
M02375,POS,1,11,2375,3,45,1045,,,,,N/A
M02383,POS,1,12,2383,3,233,1233,,,,,N/A
M02388,POS,1,22,2388,3,350,1350,,,,,N/A
M02391,POS,1,17,2391,3,419,1419,,,,,N/A
M02491,POS,1,10,2491,3,3,1003,,,,,N/A
M05025,POS,1,22,5025,3,288,1288,,,,,N/A
M05669,POS,1,14,5669,3,408,1408,,,,,N/A
M05693,POS,1,17,5693,3,373,1373,,,,,N/A
M05708,POS,1,15,5708,3,427,1427,,,,,N/A
M05754,POS,1,13,5754,3,133,1133,,,,,N/A
M05987,POS,1,12,5987,3,234,1234,,,,,N/A
M05988,POS,1,23,5988,3,207,1207,,,,,N/A
M05989,POS,1,12,5989,3,251,1251,,,,,N/A
M05990,POS,1,12,5990,3,203,1203,,,,,N/A
M05991,POS,1,13,5991,3,119,1119,,,,,N/A
M05992,POS,1,13,5992,3,142,1142,,,,,N/A
M05993,POS,1,12,5993,3,256,1256,,,,,N/A
M05994,POS,1,13,5994,3,143,1143,,,,,N/A
M05995,POS,1,13,5995,3,86,1086,,,,,N/A
M05997,POS,1,12,5997,3,292,1292,,,,,N/A
M05999,POS,1,13,5999,3,96,1096,,,,,N/A
M06002,POS,1,12,6002,3,273,1273,,,,,N/A
M06003,POS,1,12,6003,3,291,1291,,,,,N/A
M06063,POS,1,23,6063,3,267,1267,,,,,N/A
M06067,POS,1,13,6067,3,97,1097,,,,,N/A
M06073,POS,1,11,6073,3,42,1042,,,,,N/A
M06074,POS,1,11,6074,3,33,1033,,,,,N/A
M06100,POS,1,23,6100,3,212,1212,,,,,N/A
M06101,POS,1,23,6101,3,281,1281,,,,,N/A
M06102,POS,1,23,6102,3,195,1195,,,,,N/A
M06103,POS,1,23,6103,3,263,1263,,,,,N/A
M06104,POS,1,23,6104,3,246,1246,,,,,N/A
M06105,POS,1,23,6105,3,210,1210,,,,,N/A
M06116,POS,1,23,6116,3,261,1261,,,,,N/A
M06117,POS,1,10,6117,3,0,1000,,,,,N/A
M06118,POS,1,23,6118,3,211,1211,,,,,N/A
M06149,POS,1,23,6149,3,227,1227,,,,,N/A
M06188,POS,1,12,6188,3,218,1218,,,,,N/A
M06189,POS,1,13,6189,3,115,1115,,,,,N/A
M06190,POS,1,13,6190,3,93,1093,,,,,N/A
M06191,POS,1,13,6191,3,104,1104,,,,,N/A
M06193,POS,1,13,6193,3,83,1083,,,,,N/A
M06223,POS,1,23,6223,3,284,1284,,,,,N/A
M06225,POS,1,22,6225,3,344,1344,,,,,N/A
M06226,POS,1,23,6226,3,231,1231,,,,,N/A
M06229,POS,1,22,6229,3,324,1324,,,,,N/A
M06239,POS,1,10,6239,3,10,1010,,,,,N/A
M06248,POS,1,23,6248,3,196,1196,,,,,N/A
M06249,POS,1,23,6249,3,245,1245,,,,,N/A
M06250,POS,1,23,6250,3,213,1213,,,,,N/A
M06251,POS,1,23,6251,3,264,1264,,,,,N/A
M06252,POS,1,23,6252,3,282,1282,,,,,N/A
M06253,POS,1,23,6253,3,228,1228,,,,,N/A
M06255,POS,1,10,6255,3,6,1006,,,,,N/A
M06257,POS,1,10,6257,3,7,1007,,,,,N/A
M06258,POS,1,10,6258,3,30,1030,,,,,N/A
M06277,POS,1,11,6277,3,56,1056,,,,,N/A
M06303,POS,1,11,6303,3,28,1028,,,,,N/A
M06304,POS,1,11,6304,3,41,1041,,,,,N/A
M06305,POS,1,13,6305,3,108,1108,,,,,N/A
M06307,POS,1,13,6307,3,144,1144,,,,,N/A
M06327,POS,1,13,6327,3,74,1074,,,,,N/A
M06328,POS,1,13,6328,3,128,1128,,,,,N/A
M06329,POS,1,13,6329,3,64,1064,,,,,N/A
M06357,POS,1,11,6357,3,27,1027,,,,,N/A
M06358,POS,1,13,6358,3,120,1120,,,,,N/A
M06385,POS,1,13,6385,3,158,1158,,,,,N/A
M06386,POS,1,13,6386,3,145,1145,,,,,N/A
M06387,POS,1,13,6387,3,131,1131,,,,,N/A
M06388,POS,1,13,6388,3,132,1132,,,,,N/A
M06389,POS,1,11,6389,3,26,1026,,,,,N/A
M06406,POS,1,10,6406,3,8,1008,,,,,N/A
M06426,POS,1,23,6426,3,322,1322,,,,,N/A
M06429,POS,1,17,6429,3,394,1394,,,,,N/A
M06431,POS,1,17,6431,3,354,1354,,,,,N/A
M06433,POS,1,17,6433,3,334,1334,,,,,N/A
M06434,POS,1,17,6434,3,313,1313,,,,,N/A
M06435,POS,1,17,6435,3,312,1312,,,,,N/A
M06436,POS,1,17,6436,3,396,1396,,,,,N/A
M06437,POS,1,15,6437,3,280,1280,,,,,N/A
M06440,POS,1,17,6440,3,376,1376,,,,,N/A
M06445,POS,1,10,6445,3,18,1018,,,,,N/A
M06446,POS,1,17,6446,3,416,1416,,,,,N/A
M06447,POS,1,17,6447,3,418,1418,,,,,N/A
M06448,POS,1,23,6448,3,229,1229,,,,,N/A
M06469,POS,1,11,6469,3,57,1057,,,,,N/A
M06472,POS,1,13,6472,3,85,1085,,,,,N/A
M06473,POS,1,13,6473,3,95,1095,,,,,N/A
M06475,POS,1,13,6475,3,105,1105,,,,,N/A
M06476,POS,1,13,6476,3,116,1116,,,,,N/A
M06477,POS,1,13,6477,3,106,1106,,,,,N/A
M06478,POS,1,10,6478,3,14,1014,,,,,N/A
M06479,POS,1,13,6479,3,94,1094,,,,,N/A
M06481,POS,1,13,6481,3,117,1117,,,,,N/A
M06482,POS,1,13,6482,3,129,1129,,,,,N/A
M06484,POS,1,13,6484,3,84,1084,,,,,N/A
M06495,POS,1,13,6495,3,157,1157,,,,,N/A
M06510,POS,1,11,6510,3,49,1049,,,,,N/A
M06511,POS,1,23,6511,3,193,1193,,,,,N/A
M06519,POS,1,10,6519,3,24,1024,,,,,N/A
M06520,POS,1,10,6520,3,2,1002,,,,,N/A
M06522,POS,1,10,6522,3,23,1023,,,,,N/A
M06523,POS,1,10,6523,3,4,1004,,,,,N/A
M06524,POS,1,13,6524,3,62,1062,,,,,N/A
M06525,POS,1,10,6525,3,19,1019,,,,,N/A
M06526,POS,1,13,6526,3,107,1107,,,,,N/A
M06531,POS,1,13,6531,3,118,1118,,,,,N/A
M06533,POS,1,12,6533,3,272,1272,,,,,N/A
M06534,POS,1,10,6534,3,15,1015,,,,,N/A
M06535,POS,1,12,6535,3,255,1255,,,,,N/A
M06536,POS,1,13,6536,3,130,1130,,,,,N/A
M06537,POS,1,12,6537,3,238,1238,,,,,N/A
M06545,POS,1,11,6545,3,70,1070,,,,,N/A
M06546,POS,1,23,6546,3,247,1247,,,,,N/A
M06554,POS,1,22,6554,3,304,1304,,,,,N/A
M06555,POS,1,22,6555,3,286,1286,,,,,N/A
M06556,POS,1,23,6556,3,230,1230,,,,,N/A
M06557,POS,1,22,6557,3,323,1323,,,,,N/A
M06558,POS,1,23,6558,3,266,1266,,,,,N/A
M06560,POS,1,23,6560,3,249,1249,,,,,N/A
M06561,POS,1,17,6561,3,353,1353,,,,,N/A
M06562,POS,1,17,6562,3,374,1374,,,,,N/A
M06568,POS,1,10,6568,3,12,1012,,,,,N/A
M06570,POS,1,10,6570,3,1,1001,,,,,N/A
M06573,POS,1,17,6573,3,333,1333,,,,,N/A
M06574,POS,1,10,6574,3,16,1016,,,,,N/A
M06587,POS,1,17,6587,3,375,1375,,,,,N/A
M06588,POS,1,17,6588,3,417,1417,,,,,N/A
M06589,POS,1,17,6589,3,395,1395,,,,,N/A
M06592,POS,1,17,6592,3,397,1397,,,,,N/A
M06639,POS,1,23,6639,3,262,1262,,,,,N/A
M06751,POS,1,17,6751,3,378,1378,,,,,N/A
M06795,POS,1,17,6795,3,465,1465,,,,,N/A
M06796,POS,1,17,6796,3,445,1445,,,,,N/A
M06798,POS,1,17,6798,3,400,1400,,,,,N/A
M06805,POS,1,16,6805,3,467,1467,,,,,N/A
M06807,POS,1,17,6807,3,444,1444,,,,,N/A
M06844,POS,1,13,6844,3,148,1148,,,,,N/A
M06845,POS,1,13,6845,3,205,1205,,,,,N/A
M06846,POS,1,13,6846,3,162,1162,,,,,N/A
M06896,POS,1,13,6896,3,190,1190,,,,,N/A
M06897,POS,1,11,6897,3,60,1060,,,,,N/A
M06905,POS,1,11,6905,3,68,1068,,,,,N/A
M06915,POS,1,11,6915,3,51,1051,,,,,N/A
M06916,POS,1,17,6916,3,422,1422,,,,,N/A
M06917,POS,1,17,6917,3,483,1483,,,,,N/A
M06920,POS,1,17,6920,3,379,1379,,,,,N/A
M06923,POS,1,17,6923,3,501,1501,,,,,N/A
M06924,POS,1,16,6924,3,447,1447,,,,,N/A
M06925,POS,1,16,6925,3,502,1502,,,,,N/A
M06926,POS,1,16,6926,3,486,1486,,,,,N/A
M06927,POS,1,17,6927,3,446,1446,,,,,N/A
M06928,POS,1,16,6928,3,485,1485,,,,,N/A
M06930,POS,1,17,6930,3,424,1424,,,,,N/A
M06949,POS,1,10,6949,3,17,1017,,,,,N/A
M06956,POS,1,16,6956,3,425,1425,,,,,N/A
M06957,POS,1,17,6957,3,423,1423,,,,,N/A
M06958,POS,1,17,6958,3,401,1401,,,,,N/A
M06965,POS,1,13,6965,3,134,1134,,,,,N/A
M06970,POS,1,13,6970,3,160,1160,,,,,N/A
M06973,POS,1,13,6973,3,135,1135,,,,,N/A
M06988,POS,1,13,6988,3,174,1174,,,,,N/A
M06996,POS,1,13,6996,3,146,1146,,,,,N/A
M06997,POS,1,13,6997,3,123,1123,,,,,N/A
M06998,POS,1,13,6998,3,175,1175,,,,,N/A
M06999,POS,1,13,6999,3,189,1189,,,,,N/A
M07000,POS,1,13,7000,3,147,1147,,,,,N/A
M07002,POS,1,17,7002,3,466,1466,,,,,N/A
M07003,POS,1,14,7003,3,410,1410,,,,,N/A
M07099,POS,1,14,7099,3,474,1474,,,,,N/A
M07103,POS,1,14,7103,3,455,1455,,,,,N/A
M07112,POS,1,23,7112,3,178,1178,,,,,N/A
M07155,POS,1,12,7155,3,188,1188,,,,,N/A
M07538,POS,1,15,7538,3,320,1320,,,,,N/A
M07551,POS,1,22,7551,3,390,1390,,,,,N/A
M07631,POS,1,17,7631,3,352,1352,,,,,N/A
M07672,POS,1,22,7672,3,411,1411,,,,,N/A
M07673,POS,1,12,7673,3,171,1171,,,,,N/A
M07675,POS,1,11,7675,3,52,1052,,,,,N/A
M07676,POS,1,12,7676,3,232,1232,,,,,N/A
M07699,POS,1,13,7699,3,81,1081,,,,,N/A
M07702,POS,1,12,7702,3,183,1183,,,,,N/A
M07703,POS,1,22,7703,3,309,1309,,,,,N/A
M07705,POS,1,22,7705,3,371,1371,,,,,N/A
M07706,POS,1,22,7706,3,351,1351,,,,,N/A
M07707,POS,1,12,7707,3,214,1214,,,,,N/A
M07709,POS,1,11,7709,3,44,1044,,,,,N/A
M07781,POS,1,11,7781,3,59,1059,,,,,N/A
M07782,POS,1,13,7782,3,176,1176,,,,,N/A
M07783,POS,1,13,7783,3,122,1122,,,,,N/A
M07795,POS,1,12,7795,3,139,1139,,,,,N/A
M07796,POS,1,12,7796,3,181,1181,,,,,N/A
M07797,POS,1,12,7797,3,180,1180,,,,,N/A
M07798,POS,1,12,7798,3,166,1166,,,,,N/A
M07799,POS,1,12,7799,3,152,1152,,,,,N/A
M07802,POS,1,22,7802,3,372,1372,,,,,N/A
M07803,POS,1,12,7803,3,199,1199,,,,,N/A
M07810,POS,1,22,7810,3,348,1348,,,,,N/A
M07811,POS,1,22,7811,3,369,1369,,,,,N/A
M07812,POS,1,12,7812,3,112,1112,,,,,N/A
M07813,POS,1,22,7813,3,328,1328,,,,,N/A
M07814,POS,1,12,7814,3,124,1124,,,,,N/A
M07815,POS,1,12,7815,3,136,1136,,,,,N/A
M07875,POS,1,14,7875,3,432,1432,,,,,N/A
M07876,POS,1,14,7876,3,491,1491,,,,,N/A
M07877,POS,1,14,7877,3,454,1454,,,,,N/A
M07900,POS,1,16,7900,3,490,1490,,,,,N/A
M07910,POS,1,12,7910,3,184,1184,,,,,N/A
M07911,POS,1,12,7911,3,170,1170,,,,,N/A
M07941,POS,1,11,7941,3,50,1050,,,,,N/A
M07983,POS,1,12,7983,3,113,1113,,,,,N/A
M07989,POS,1,13,7989,3,110,1110,,,,,N/A
M07990,POS,1,11,7990,3,36,1036,,,,,N/A
M07991,POS,1,13,7991,3,63,1063,,,,,N/A
M07992,POS,1,13,7992,3,173,1173,,,,,N/A
M07993,POS,1,13,7993,3,159,1159,,,,,N/A
M07994,POS,1,11,7994,3,76,1076,,,,,N/A
M07995,POS,1,11,7995,3,78,1078,,,,,N/A
M07996,POS,1,15,7996,3,317,1317,,,,,N/A
M08001,POS,1,13,8001,3,221,1221,,,,,N/A
M08008,POS,1,14,8008,3,493,1493,,,,,N/A
M08009,POS,1,12,8009,3,165,1165,,,,,N/A
M08012,POS,1,12,8012,3,155,1155,,,,,N/A
M08018,POS,1,15,8018,3,359,1359,,,,,N/A
M08020,POS,1,22,8020,3,415,1415,,,,,N/A
M08021,POS,1,22,8021,3,414,1414,,,,,N/A
M08022,POS,1,22,8022,3,392,1392,,,,,N/A
M08023,POS,1,22,8023,3,393,1393,,,,,N/A
M08024,POS,1,12,8024,3,149,1149,,,,,N/A
M08025,POS,1,22,8025,3,437,1437,,,,,N/A
M08032,POS,1,14,8032,3,364,1364,,,,,N/A
M08036,POS,1,12,8036,3,252,1252,,,,,N/A
M08039,POS,1,12,8039,3,270,1270,,,,,N/A
M08040,POS,1,12,8040,3,235,1235,,,,,N/A
M08041,POS,1,12,8041,3,204,1204,,,,,N/A
M08042,POS,1,14,8042,3,429,1429,,,,,N/A
M08043,POS,1,14,8043,3,451,1451,,,,,N/A
M08045,POS,1,14,8045,3,386,1386,,,,,N/A
M08046,POS,1,14,8046,3,407,1407,,,,,N/A
M08048,POS,1,14,8048,3,384,1384,,,,,N/A
M08049,POS,1,14,8049,3,343,1343,,,,,N/A
M08050,POS,1,14,8050,3,450,1450,,,,,N/A
M08051,POS,1,15,8051,3,405,1405,,,,,N/A
M08052,POS,1,13,8052,3,55,1055,,,,,N/A
M08053,POS,1,15,8053,3,259,1259,,,,,N/A
M08063,POS,1,23,8063,3,301,1301,,,,,N/A
M08068,POS,1,15,8068,3,278,1278,,,,,N/A
M08073,POS,1,12,8073,3,219,1219,,,,,N/A
M08074,POS,1,12,8074,3,271,1271,,,,,N/A
M08076,POS,1,13,8076,3,114,1114,,,,,N/A
M08077,POS,1,13,8077,3,103,1103,,,,,N/A
M08078,POS,1,13,8078,3,102,1102,,,,,N/A
M08079,POS,1,12,8079,3,254,1254,,,,,N/A
M08080,POS,1,13,8080,3,54,1054,,,,,N/A
M08081,POS,1,12,8081,3,290,1290,,,,,N/A
M08089,POS,1,12,8089,3,311,1311,,,,,N/A
M08090,POS,1,13,8090,3,71,1071,,,,,N/A
M08091,POS,1,13,8091,3,80,1080,,,,,N/A
M08092,POS,1,12,8092,3,237,1237,,,,,N/A
M08100,POS,1,11,8100,3,67,1067,,,,,N/A
M08103,POS,1,22,8103,3,366,1366,,,,,N/A
M08105,POS,1,22,8105,3,325,1325,,,,,N/A
M08106,POS,1,13,8106,3,161,1161,,,,,N/A
M08107,POS,1,14,8107,3,509,1509,,,,,N/A
M08111,POS,1,23,8111,3,209,1209,,,,,N/A
M08113,POS,1,15,8113,3,382,1382,,,,,N/A
M08120,POS,1,14,8120,3,428,1428,,,,,N/A
M08122,POS,1,14,8122,3,433,1433,,,,,N/A
M08123,POS,1,22,8123,3,435,1435,,,,,N/A
M08124,POS,1,22,8124,3,413,1413,,,,,N/A
M08125,POS,1,12,8125,3,169,1169,,,,,N/A
M08126,POS,1,12,8126,3,151,1151,,,,,N/A
M08127,POS,1,22,8127,3,436,1436,,,,,N/A
M08128,POS,1,13,8128,3,121,1121,,,,,N/A
M08129,POS,1,11,8129,3,37,1037,,,,,N/A
M08130,POS,1,11,8130,3,69,1069,,,,,N/A
M08131,POS,1,14,8131,3,475,1475,,,,,N/A
M08132,POS,1,12,8132,3,141,1141,,,,,N/A
M08138,POS,1,14,8138,3,526,1526,,,,,N/A
M08159,POS,1,12,8159,3,198,1198,,,,,N/A
M08166,POS,1,14,8166,3,363,1363,,,,,N/A
M08167,POS,1,12,8167,3,154,1154,,,,,N/A
M08168,POS,1,12,8168,3,168,1168,,,,,N/A
M08169,POS,1,12,8169,3,182,1182,,,,,N/A
M08170,POS,1,12,8170,3,197,1197,,,,,N/A
M08171,POS,1,12,8171,3,140,1140,,,,,N/A
M08172,POS,1,12,8172,3,153,1153,,,,,N/A
M08173,POS,1,14,8173,3,471,1471,,,,,N/A
M08174,POS,1,14,8174,3,406,1406,,,,,N/A
M08175,POS,1,14,8175,3,365,1365,,,,,N/A
M08186,POS,1,12,8186,3,167,1167,,,,,N/A
M08187,POS,1,12,8187,3,127,1127,,,,,N/A
M08197,POS,1,16,8197,3,504,1504,,,,,N/A
M08198,POS,1,12,8198,3,220,1220,,,,,N/A
M08202,POS,1,15,8202,3,318,1318,,,,,N/A
M08203,POS,1,16,8203,3,468,1468,,,,,N/A
M08204,POS,1,14,8204,3,525,1525,,,,,N/A
M08205,POS,1,16,8205,3,469,1469,,,,,N/A
M08206,POS,1,14,8206,3,453,1453,,,,,N/A
M08207,POS,1,16,8207,3,522,1522,,,,,N/A
M08209,POS,1,13,8209,3,73,1073,,,,,N/A
M08215,POS,1,14,8215,3,430,1430,,,,,N/A
M08218,POS,1,12,8218,3,274,1274,,,,,N/A
M08219,POS,1,13,8219,3,82,1082,,,,,N/A
M08220,POS,1,14,8220,3,452,1452,,,,,N/A
M08227,POS,1,23,8227,3,226,1226,,,,,N/A
M08228,POS,1,14,8228,3,524,1524,,,,,N/A
M08229,POS,1,15,8229,3,383,1383,,,,,N/A
M08231,POS,1,15,8231,3,426,1426,,,,,N/A
M08232,POS,1,16,8232,3,449,1449,,,,,N/A
M08233,POS,1,15,8233,3,380,1380,,,,,N/A
M08234,POS,1,11,8234,3,79,1079,,,,,N/A
M08235,POS,1,11,8235,3,89,1089,,,,,N/A
M08236,POS,1,11,8236,3,61,1061,,,,,N/A
M08238,POS,1,14,8238,3,434,1434,,,,,N/A
M08239,POS,1,14,8239,3,457,1457,,,,,N/A
M08240,POS,1,12,8240,3,101,1101,,,,,N/A
M08241,POS,1,12,8241,3,200,1200,,,,,N/A
M08242,POS,1,12,8242,3,216,1216,,,,,N/A
M08243,POS,1,12,8243,3,185,1185,,,,,N/A
M08244,POS,1,12,8244,3,137,1137,,,,,N/A
M08245,POS,1,12,8245,3,125,1125,,,,,N/A
M08246,POS,1,22,8246,3,459,1459,,,,,N/A
M08247,POS,1,12,8247,3,215,1215,,,,,N/A
M08257,POS,1,14,8257,3,458,1458,,,,,N/A
M08258,POS,1,14,8258,3,511,1511,,,,,N/A
M08259,POS,1,14,8259,3,476,1476,,,,,N/A
M08260,POS,1,14,8260,3,477,1477,,,,,N/A
M08261,POS,1,14,8261,3,495,1495,,,,,N/A
M08264,POS,1,14,8264,3,512,1512,,,,,N/A
M08265,POS,1,16,8265,3,521,1521,,,,,N/A
M08266,POS,1,16,8266,3,448,1448,,,,,N/A
M08267,POS,1,16,8267,3,507,1507,,,,,N/A
M08268,POS,1,14,8268,3,456,1456,,,,,N/A
M08269,POS,1,23,8269,3,177,1177,,,,,N/A
M08270,POS,1,23,8270,3,224,1224,,,,,N/A
M08271,POS,1,15,8271,3,403,1403,,,,,N/A
M08272,POS,1,16,8272,3,503,1503,,,,,N/A
M08273,POS,1,16,8273,3,487,1487,,,,,N/A
M08274,POS,1,16,8274,3,488,1488,,,,,N/A
M08275,POS,1,16,8275,3,518,1518,,,,,N/A
M08276,POS,1,16,8276,3,489,1489,,,,,N/A
M08277,POS,1,16,8277,3,520,1520,,,,,N/A
M08278,POS,1,16,8278,3,470,1470,,,,,N/A
M08279,POS,1,15,8279,3,300,1300,,,,,N/A
M08280,POS,1,15,8280,3,339,1339,,,,,N/A
M08281,POS,1,15,8281,3,340,1340,,,,,N/A
M08283,POS,1,12,8283,3,310,1310,,,,,N/A
M08284,POS,1,23,8284,3,208,1208,,,,,N/A
M08285,POS,1,14,8285,3,472,1472,,,,,N/A
M08289,POS,1,16,8289,3,519,1519,,,,,N/A
M08292,POS,1,16,8292,3,505,1505,,,,,N/A
M08293,POS,1,23,8293,3,163,1163,,,,,N/A
M08294,POS,1,23,8294,3,242,1242,,,,,N/A
M08295,POS,1,23,8295,3,164,1164,,,,,N/A
M08305,POS,1,12,8305,3,236,1236,,,,,N/A
M08306,POS,1,13,8306,3,90,1090,,,,,N/A
M08312,POS,1,15,8312,3,360,1360,,,,,N/A
M08314,POS,1,13,8314,3,92,1092,,,,,N/A
M08315,POS,1,23,8315,3,192,1192,,,,,N/A
M08316,POS,1,12,8316,3,253,1253,,,,,N/A
M08317,POS,1,16,8317,3,506,1506,,,,,N/A
M08320,POS,1,15,8320,3,381,1381,,,,,N/A
M08326,POS,1,15,8326,3,319,1319,,,,,N/A
M08331,POS,1,15,8331,3,402,1402,,,,,N/A
M08340,POS,1,15,8340,3,358,1358,,,,,N/A
M08348,POS,1,15,8348,3,299,1299,,,,,N/A
M08475,POS,1,22,8475,3,349,1349,,,,,N/A
M02072,POS,1,23,2072,3,303,1303,,,,,N/A
M05893,POS,1,23,5893,3,265,1265,,,,,N/A
M06150,POS,1,23,6150,3,244,1244,,,,,N/A
M06528,POS,1,23,6528,3,302,1302,,,,,N/A
M06553,POS,1,23,6553,3,283,1283,,,,,N/A
M07063,POS,1,23,7063,3,179,1179,,,,,N/A
M08210,POS,1,23,8210,3,225,1225,,,,,N/A
M06530,POS,1,23,6530,3,250,1250,,,,,N/A
M08211,POS,1,23,8211,3,243,1243,,,,,N/A
M08330,POS,1,23,8330,3,194,1194,,,,,N/A
P085,FIF,1,10,10085,3,11,1011,,,,,FALSE
P127,FIF,1,17,10127,3,439,1439,,,,,TRUE
P136,FIF,1,17,10136,3,482,1482,,,,,TRUE
P137,FIF,1,16,10137,3,517,1517,,,,,TRUE
P138,FIF,1,15,10138,3,321,1321,,,,,FALSE
P139,FIF,1,13,10139,3,239,1239,,,,,TRUE
P140,FIF,1,14,10140,3,496,1496,,,,,FALSE
P141,FIF,1,13,10141,3,75,1075,,,,,TRUE
P142,FIF,1,12,10142,3,150,1150,,,,,TRUE
P143,FIF,1,14,10143,3,534,1534,,,,,FALSE
P149,GIF,1,22,10149,3,541,1541,,,,,TRUE
P152,GIF,1,22,10152,3,542,1542,,,,,TRUE
