DEVICE_ID,DEVICE_TYPE,PETAL_ID,BUS_ID,CAN_ID,SI_ID,FULL_SI_ID,PETAL_LOC,DEVICE_LOC
1414,POS,1,10,1414,47:b4:19:02:21:65:03:13,21:65:03:43:37:ff:d8:05:41:4b:36:32,,13
1733,POS,1,10,1733,47:b4:19:02:15:82:03:13,15:82:03:43:37:ff:d6:05:41:4b:36:32,,31
2143,POS,1,10,2143,c3:74:02:08:38:79:07:13,38:79:07:43:33:ff:d7:05:43:57:30:38,,9
2202,POS,1,10,2202,c3:74:02:08:17:52:06:13,17:52:06:43:33:ff:db:05:43:57:30:38,,5
2222,POS,1,10,2222,c3:74:02:08:26:56:06:13,26:56:06:43:33:ff:d6:05:43:57:30:38,,20
2233,POS,1,10,2233,c3:74:02:08:13:61:06:13,13:61:06:43:33:ff:d6:05:43:57:30:38,,25
2491,POS,1,10,2491,c3:74:02:08:11:73:07:13,11:73:07:43:33:ff:d5:05:43:57:30:38,,3
6117,POS,1,10,6117,c0:86:0a:01:15:58:10:13,15:58:10:43:30:ff:d5:05:4b:58:32:31,,0
6239,POS,1,10,6239,c1:76:22:02:43:63:02:13,43:63:02:43:31:ff:da:05:4b:57:38:32,,10
6255,POS,1,10,6255,c0:86:0a:01:37:82:09:13,37:82:09:43:30:ff:d6:05:4b:58:32:31,,6
6257,POS,1,10,6257,c0:86:0a:01:16:58:10:13,16:58:10:43:30:ff:d6:05:4b:58:32:31,,7
6258,POS,1,10,6258,c0:86:0a:01:36:57:10:13,36:57:10:43:30:ff:db:05:4b:58:32:31,,30
6406,POS,1,10,6406,c1:76:22:02:40:65:02:13,40:65:02:43:31:ff:d8:05:4b:57:38:32,,8
6445,POS,1,10,6445,c1:76:22:02:33:68:01:13,33:68:01:43:31:ff:dd:05:4b:57:38:32,,18
6478,POS,1,10,6478,c1:76:22:02:35:58:02:13,35:58:02:43:31:ff:d6:05:4b:57:38:32,,14
6519,POS,1,10,6519,c0:86:0a:01:24:59:10:13,24:59:10:43:30:ff:db:05:4b:58:32:31,,24
6520,POS,1,10,6520,c0:86:0a:01:29:55:10:13,29:55:10:43:30:ff:d8:05:4b:58:32:31,,2
6522,POS,1,10,6522,c1:76:22:02:08:69:01:13,08:69:01:43:31:ff:d6:05:4b:57:38:32,,23
6523,POS,1,10,6523,c1:76:22:02:43:72:01:13,43:72:01:43:31:ff:d9:05:4b:57:38:32,,4
6525,POS,1,10,6525,c1:76:22:02:21:75:01:13,21:75:01:43:31:ff:da:05:4b:57:38:32,,19
6534,POS,1,10,6534,c1:76:22:02:11:76:01:13,11:76:01:43:31:ff:d8:05:4b:57:38:32,,15
6568,POS,1,10,6568,c1:76:22:02:05:62:01:13,05:62:01:43:31:ff:d7:05:4b:57:38:32,,12
6570,POS,1,10,6570,c1:76:22:02:09:69:01:13,09:69:01:43:31:ff:d8:05:4b:57:38:32,,1
6574,POS,1,10,6574,c1:76:22:02:15:61:01:13,15:61:01:43:31:ff:d7:05:4b:57:38:32,,16
6949,POS,1,10,6949,c1:76:22:02:26:68:01:13,26:68:01:43:31:ff:d8:05:4b:57:38:32,,17
P085,FIF,1,10,10085,47:b4:19:02:05:72:03:13,05:72:03:43:37:ff:dc:05:41:4b:36:32,,11
796,POS,1,11,796,47:b4:19:02:23:68:03:13,23:68:03:43:37:ff:d6:05:41:4b:36:32,,98
1292,POS,1,11,1292,47:b4:19:02:06:61:01:13,06:61:01:43:37:ff:dd:05:41:4b:36:32,,48
1347,POS,1,11,1347,47:b4:19:02:39:74:03:13,39:74:03:43:37:ff:db:05:41:4b:36:32,,88
1462,POS,1,11,1462,c3:74:02:08:10:62:06:13,10:62:06:43:33:ff:d6:05:43:57:30:38,,39
1504,POS,1,11,1504,c3:74:02:08:25:52:06:13,25:52:06:43:33:ff:d8:05:43:57:30:38,,40
1508,POS,1,11,1508,47:b4:19:02:40:82:03:13,40:82:03:43:37:ff:dc:05:41:4b:36:32,,47
1610,POS,1,11,1610,47:b4:19:02:20:88:02:13,20:88:02:43:37:ff:d9:05:41:4b:36:32,,65
1641,POS,1,11,1641,47:b4:19:02:26:77:01:13,26:77:01:43:37:ff:d8:05:41:4b:36:32,,111
1660,POS,1,11,1660,c3:74:02:08:37:65:06:13,37:65:06:43:33:ff:d5:05:43:57:30:38,,99
1785,POS,1,11,1785,47:b4:19:02:27:78:03:13,27:78:03:43:37:ff:d9:05:41:4b:36:32,,87
1798,POS,1,11,1798,c3:74:02:08:28:78:04:13,28:78:04:43:33:ff:d8:05:43:57:30:38,,77
1820,POS,1,11,1820,47:b4:19:02:08:69:02:13,08:69:02:43:37:ff:d5:05:41:4b:36:32,,53
1858,POS,1,11,1858,47:b4:19:02:10:61:01:13,10:61:01:43:37:ff:dc:05:41:4b:36:32,,35
1867,POS,1,11,1867,47:b4:19:02:42:62:01:13,42:62:01:43:37:ff:d7:05:41:4b:36:32,,32
1981,POS,1,11,1981,47:b4:19:02:06:70:02:13,06:70:02:43:37:ff:db:05:41:4b:36:32,,22
1989,POS,1,11,1989,47:b4:19:02:29:79:01:13,29:79:01:43:37:ff:d4:05:41:4b:36:32,,46
2012,POS,1,11,2012,c3:74:02:08:30:86:07:13,30:86:07:43:33:ff:d5:05:43:57:30:38,,100
2018,POS,1,11,2018,c3:74:02:08:16:54:06:13,16:54:06:43:33:ff:d9:05:43:57:30:38,,58
2119,POS,1,11,2119,c3:74:02:08:29:57:06:13,29:57:06:43:33:ff:d6:05:43:57:30:38,,66
2136,POS,1,11,2136,c3:74:02:08:19:74:07:13,19:74:07:43:33:ff:d8:05:43:57:30:38,,29
2169,POS,1,11,2169,c3:74:02:08:16:51:06:13,16:51:06:43:33:ff:d7:05:43:57:30:38,,43
2182,POS,1,11,2182,c3:74:02:08:33:84:07:13,33:84:07:43:33:ff:d4:05:43:57:30:38,,21
2226,POS,1,11,2226,c3:74:02:08:31:58:06:13,31:58:06:43:33:ff:d8:05:43:57:30:38,,34
2375,POS,1,11,2375,c3:74:02:08:29:77:07:13,29:77:07:43:33:ff:d8:05:43:57:30:38,,45
6073,POS,1,11,6073,c1:76:22:02:13:69:01:13,13:69:01:43:31:ff:dd:05:4b:57:38:32,,42
6074,POS,1,11,6074,c1:76:22:02:14:61:01:13,14:61:01:43:31:ff:d4:05:4b:57:38:32,,33
6277,POS,1,11,6277,c0:86:0a:01:16:60:10:13,16:60:10:43:30:ff:d9:05:4b:58:32:31,,56
6303,POS,1,11,6303,c1:76:22:02:16:70:01:13,16:70:01:43:31:ff:d8:05:4b:57:38:32,,28
6304,POS,1,11,6304,c1:76:22:02:19:75:01:13,19:75:01:43:31:ff:da:05:4b:57:38:32,,41
6357,POS,1,11,6357,c1:76:22:02:37:68:01:13,37:68:01:43:31:ff:da:05:4b:57:38:32,,27
6389,POS,1,11,6389,c1:76:22:02:31:58:02:13,31:58:02:43:31:ff:d8:05:4b:57:38:32,,26
6469,POS,1,11,6469,c1:76:22:02:28:61:01:13,28:61:01:43:31:ff:d7:05:4b:57:38:32,,57
6510,POS,1,11,6510,c1:76:22:02:16:84:01:13,16:84:01:43:31:ff:da:05:4b:57:38:32,,49
6545,POS,1,11,6545,c1:76:22:02:23:81:01:13,23:81:01:43:31:ff:da:05:4b:57:38:32,,70
6897,POS,1,11,6897,c1:76:22:02:12:65:01:13,12:65:01:43:31:ff:d5:05:4b:57:38:32,,60
6905,POS,1,11,6905,c1:76:22:02:18:58:02:13,18:58:02:43:31:ff:d6:05:4b:57:38:32,,68
6915,POS,1,11,6915,c1:76:22:02:35:86:01:13,35:86:01:43:31:ff:d9:05:4b:57:38:32,,51
7675,POS,1,11,7675,c1:76:22:02:14:65:02:13,14:65:02:43:31:ff:d4:05:4b:57:38:32,,52
7709,POS,1,11,7709,c1:76:22:02:24:66:01:13,24:66:01:43:31:ff:d7:05:4b:57:38:32,,44
7781,POS,1,11,7781,c0:86:0a:01:25:84:09:13,25:84:09:43:30:ff:d7:05:4b:58:32:31,,59
7941,POS,1,11,7941,c1:76:22:02:09:63:02:13,09:63:02:43:31:ff:dc:05:4b:57:38:32,,50
7990,POS,1,11,7990,c0:86:0a:01:30:89:09:13,30:89:09:43:30:ff:d8:05:4b:58:32:31,,36
7994,POS,1,11,7994,c1:76:22:02:25:52:01:13,25:52:01:43:31:ff:da:05:4b:57:38:32,,76
7995,POS,1,11,7995,c1:76:22:02:20:74:02:13,20:74:02:43:31:ff:d8:05:4b:57:38:32,,78
8100,POS,1,11,8100,c1:76:22:02:28:72:01:13,28:72:01:43:31:ff:d6:05:4b:57:38:32,,67
8129,POS,1,11,8129,c0:86:0a:01:11:81:09:13,11:81:09:43:30:ff:da:05:4b:58:32:31,,37
8130,POS,1,11,8130,c1:76:22:02:37:80:01:13,37:80:01:43:31:ff:db:05:4b:57:38:32,,69
8234,POS,1,11,8234,c1:76:22:02:08:73:01:13,08:73:01:43:31:ff:d4:05:4b:57:38:32,,79
8235,POS,1,11,8235,c1:76:22:02:05:71:02:13,05:71:02:43:31:ff:dc:05:4b:57:38:32,,89
8236,POS,1,11,8236,c1:76:22:02:26:71:01:13,26:71:01:43:31:ff:db:05:4b:57:38:32,,61
285,POS,1,12,285,c3:74:02:08:17:76:07:13,17:76:07:43:33:ff:da:05:43:57:30:38,,126
1395,POS,1,12,1395,47:b4:19:02:32:66:01:13,32:66:01:43:37:ff:da:05:41:4b:36:32,,156
1412,POS,1,12,1412,47:b4:19:02:37:60:01:13,37:60:01:43:37:ff:d6:05:41:4b:36:32,,187
1449,POS,1,12,1449,47:b4:19:02:42:76:01:13,42:76:01:43:37:ff:d6:05:41:4b:36:32,,202
1603,POS,1,12,1603,47:b4:19:02:35:59:01:13,35:59:01:43:37:ff:d7:05:41:4b:36:32,,217
1821,POS,1,12,1821,47:b4:19:02:25:66:03:13,25:66:03:43:37:ff:da:05:41:4b:36:32,,138
1928,POS,1,12,1928,47:b4:19:02:35:68:03:13,35:68:03:43:37:ff:da:05:41:4b:36:32,,172
2084,POS,1,12,2084,c3:74:02:08:11:56:06:13,11:56:06:43:33:ff:d7:05:43:57:30:38,,201
2223,POS,1,12,2223,c3:74:02:08:14:84:07:13,14:84:07:43:33:ff:d9:05:43:57:30:38,,186
2383,POS,1,12,2383,c3:74:02:08:24:60:06:13,24:60:06:43:33:ff:d6:05:43:57:30:38,,233
5987,POS,1,12,5987,c0:86:0a:01:38:83:09:13,38:83:09:43:30:ff:da:05:4b:58:32:31,,234
5989,POS,1,12,5989,c0:86:0a:01:23:83:09:13,23:83:09:43:30:ff:dd:05:4b:58:32:31,,251
5990,POS,1,12,5990,c0:86:0a:01:20:81:09:13,20:81:09:43:30:ff:d8:05:4b:58:32:31,,203
5993,POS,1,12,5993,c1:76:22:02:38:62:01:13,38:62:01:43:31:ff:da:05:4b:57:38:32,,256
5997,POS,1,12,5997,c0:86:0a:01:14:87:09:13,14:87:09:43:30:ff:d7:05:4b:58:32:31,,292
6002,POS,1,12,6002,c0:86:0a:01:13:87:09:13,13:87:09:43:30:ff:d5:05:4b:58:32:31,,273
6003,POS,1,12,6003,c0:86:0a:01:24:81:09:13,24:81:09:43:30:ff:d6:05:4b:58:32:31,,291
6188,POS,1,12,6188,c0:86:0a:01:31:90:09:13,31:90:09:43:30:ff:d9:05:4b:58:32:31,,218
6533,POS,1,12,6533,c1:76:22:02:28:70:01:13,28:70:01:43:31:ff:d9:05:4b:57:38:32,,272
6535,POS,1,12,6535,c1:76:22:02:08:62:01:13,08:62:01:43:31:ff:d8:05:4b:57:38:32,,255
6537,POS,1,12,6537,c1:76:22:02:14:76:01:13,14:76:01:43:31:ff:d9:05:4b:57:38:32,,238
7155,POS,1,12,7155,c1:76:22:02:17:54:01:13,17:54:01:43:31:ff:d6:05:4b:57:38:32,,188
7673,POS,1,12,7673,c1:76:22:02:17:62:01:13,17:62:01:43:31:ff:d9:05:4b:57:38:32,,171
7676,POS,1,12,7676,c0:86:0a:01:05:61:10:13,05:61:10:43:30:ff:dc:05:4b:58:32:31,,232
7702,POS,1,12,7702,c1:76:22:02:12:86:01:13,12:86:01:43:31:ff:db:05:4b:57:38:32,,183
7707,POS,1,12,7707,c1:76:22:02:06:63:02:13,06:63:02:43:31:ff:d7:05:4b:57:38:32,,214
7795,POS,1,12,7795,c1:76:22:02:21:64:02:13,21:64:02:43:31:ff:d7:05:4b:57:38:32,,139
7796,POS,1,12,7796,c1:76:22:02:08:57:01:13,08:57:01:43:31:ff:d5:05:4b:57:38:32,,181
7797,POS,1,12,7797,c0:86:0a:01:21:83:09:13,21:83:09:43:30:ff:dc:05:4b:58:32:31,,180
7798,POS,1,12,7798,c1:76:22:02:23:52:01:13,23:52:01:43:31:ff:d9:05:4b:57:38:32,,166
7799,POS,1,12,7799,c0:86:0a:01:26:60:10:13,26:60:10:43:30:ff:d8:05:4b:58:32:31,,152
7803,POS,1,12,7803,c1:76:22:02:38:72:02:13,38:72:02:43:31:ff:d9:05:4b:57:38:32,,199
7812,POS,1,12,7812,c1:76:22:02:07:73:02:13,07:73:02:43:31:ff:da:05:4b:57:38:32,,112
7814,POS,1,12,7814,c1:76:22:02:21:56:01:13,21:56:01:43:31:ff:d6:05:4b:57:38:32,,124
7815,POS,1,12,7815,c1:76:22:02:22:64:01:13,22:64:01:43:31:ff:d5:05:4b:57:38:32,,136
7910,POS,1,12,7910,c1:76:22:02:43:65:01:13,43:65:01:43:31:ff:d9:05:4b:57:38:32,,184
7911,POS,1,12,7911,c1:76:22:02:31:54:01:13,31:54:01:43:31:ff:db:05:4b:57:38:32,,170
7983,POS,1,12,7983,c1:76:22:02:20:68:02:13,20:68:02:43:31:ff:d4:05:4b:57:38:32,,113
8009,POS,1,12,8009,c1:76:22:02:32:80:01:13,32:80:01:43:31:ff:d7:05:4b:57:38:32,,165
8012,POS,1,12,8012,c0:86:0a:01:23:88:09:13,23:88:09:43:30:ff:d6:05:4b:58:32:31,,155
8024,POS,1,12,8024,c1:76:22:02:30:53:01:13,30:53:01:43:31:ff:dc:05:4b:57:38:32,,149
8036,POS,1,12,8036,c1:76:22:02:04:72:02:13,04:72:02:43:31:ff:d8:05:4b:57:38:32,,252
8039,POS,1,12,8039,c1:76:22:02:14:66:01:13,14:66:01:43:31:ff:d9:05:4b:57:38:32,,270
8040,POS,1,12,8040,c1:76:22:02:41:72:02:13,41:72:02:43:31:ff:db:05:4b:57:38:32,,235
8041,POS,1,12,8041,c1:76:22:02:15:69:01:13,15:69:01:43:31:ff:d3:05:4b:57:38:32,,204
8073,POS,1,12,8073,c1:76:22:02:06:79:01:13,06:79:01:43:31:ff:d9:05:4b:57:38:32,,219
8074,POS,1,12,8074,c0:86:0a:01:24:55:10:13,24:55:10:43:30:ff:d9:05:4b:58:32:31,,271
8079,POS,1,12,8079,c0:86:0a:01:10:59:10:13,10:59:10:43:30:ff:d6:05:4b:58:32:31,,254
8081,POS,1,12,8081,c1:76:22:02:15:69:02:13,15:69:02:43:31:ff:d3:05:4b:57:38:32,,290
8089,POS,1,12,8089,c1:76:22:02:17:68:01:13,17:68:01:43:31:ff:d9:05:4b:57:38:32,,311
8092,POS,1,12,8092,c1:76:22:02:34:74:01:13,34:74:01:43:31:ff:da:05:4b:57:38:32,,237
8125,POS,1,12,8125,c1:76:22:02:22:80:01:13,22:80:01:43:31:ff:d9:05:4b:57:38:32,,169
8126,POS,1,12,8126,c1:76:22:02:40:62:02:13,40:62:02:43:31:ff:da:05:4b:57:38:32,,151
8132,POS,1,12,8132,c1:76:22:02:27:56:01:13,27:56:01:43:31:ff:db:05:4b:57:38:32,,141
8159,POS,1,12,8159,c1:76:22:02:36:81:01:13,36:81:01:43:31:ff:d4:05:4b:57:38:32,,198
8167,POS,1,12,8167,c0:86:0a:01:42:61:10:13,42:61:10:43:30:ff:da:05:4b:58:32:31,,154
8168,POS,1,12,8168,c1:76:22:02:11:63:01:13,11:63:01:43:31:ff:d6:05:4b:57:38:32,,168
8169,POS,1,12,8169,c0:86:0a:01:19:55:10:13,19:55:10:43:30:ff:d6:05:4b:58:32:31,,182
8170,POS,1,12,8170,c1:76:22:02:24:56:01:13,24:56:01:43:31:ff:d6:05:4b:57:38:32,,197
8171,POS,1,12,8171,c1:76:22:02:24:53:01:13,24:53:01:43:31:ff:de:05:4b:57:38:32,,140
8172,POS,1,12,8172,c1:76:22:02:27:70:02:13,27:70:02:43:31:ff:d7:05:4b:57:38:32,,153
8186,POS,1,12,8186,c1:76:22:02:16:62:01:13,16:62:01:43:31:ff:dc:05:4b:57:38:32,,167
8187,POS,1,12,8187,c0:86:0a:01:39:82:09:13,39:82:09:43:30:ff:da:05:4b:58:32:31,,127
8198,POS,1,12,8198,c0:86:0a:01:11:61:10:13,11:61:10:43:30:ff:d6:05:4b:58:32:31,,220
8218,POS,1,12,8218,c0:86:0a:01:20:90:09:13,20:90:09:43:30:ff:da:05:4b:58:32:31,,274
8240,POS,1,12,8240,c1:76:22:02:42:71:02:13,42:71:02:43:31:ff:d9:05:4b:57:38:32,,101
8241,POS,1,12,8241,c1:76:22:02:04:74:01:13,04:74:01:43:31:ff:da:05:4b:57:38:32,,200
8242,POS,1,12,8242,c1:76:22:02:30:82:01:13,30:82:01:43:31:ff:d4:05:4b:57:38:32,,216
8243,POS,1,12,8243,c1:76:22:02:16:67:02:13,16:67:02:43:31:ff:d8:05:4b:57:38:32,,185
8244,POS,1,12,8244,c1:76:22:02:26:74:01:13,26:74:01:43:31:ff:d6:05:4b:57:38:32,,137
8245,POS,1,12,8245,c1:76:22:02:34:69:01:13,34:69:01:43:31:ff:da:05:4b:57:38:32,,125
8247,POS,1,12,8247,c1:76:22:02:39:77:01:13,39:77:01:43:31:ff:d4:05:4b:57:38:32,,215
8283,POS,1,12,8283,c1:76:22:02:41:69:01:13,41:69:01:43:31:ff:d9:05:4b:57:38:32,,310
8305,POS,1,12,8305,c1:76:22:02:18:69:02:13,18:69:02:43:31:ff:d5:05:4b:57:38:32,,236
8316,POS,1,12,8316,c1:76:22:02:26:90:01:13,26:90:01:43:31:ff:d7:05:4b:57:38:32,,253
P142,FIF,1,12,10142,c3:74:02:08:36:62:04:13,36:62:04:43:33:ff:d6:05:43:57:30:38,,150
1066,POS,1,13,1066,c3:74:02:08:19:80:04:13,19:80:04:43:33:ff:d8:05:43:57:30:38,,222
1258,POS,1,13,1258,47:b4:19:02:33:85:03:13,33:85:03:43:37:ff:d8:05:41:4b:36:32,,91
1438,POS,1,13,1438,47:b4:19:02:24:51:02:13,24:51:02:43:37:ff:d7:05:41:4b:36:32,,72
1620,POS,1,13,1620,47:b4:19:02:16:52:01:13,16:52:01:43:37:ff:d8:05:41:4b:36:32,,191
1985,POS,1,13,1985,47:b4:19:02:21:67:03:13,21:67:03:43:37:ff:da:05:41:4b:36:32,,206
2291,POS,1,13,2291,c3:74:02:08:15:57:06:13,15:57:06:43:33:ff:d7:05:43:57:30:38,,109
5754,POS,1,13,5754,c3:74:02:08:13:82:06:13,13:82:06:43:33:ff:d8:05:43:57:30:38,,133
5991,POS,1,13,5991,c1:76:22:02:36:64:01:13,36:64:01:43:31:ff:d4:05:4b:57:38:32,,119
5992,POS,1,13,5992,c0:86:0a:01:34:83:09:13,34:83:09:43:30:ff:d8:05:4b:58:32:31,,142
5994,POS,1,13,5994,c0:86:0a:01:28:83:09:13,28:83:09:43:30:ff:d8:05:4b:58:32:31,,143
5995,POS,1,13,5995,c0:86:0a:01:28:81:09:13,28:81:09:43:30:ff:d7:05:4b:58:32:31,,86
5999,POS,1,13,5999,c0:86:0a:01:17:87:09:13,17:87:09:43:30:ff:d8:05:4b:58:32:31,,96
6067,POS,1,13,6067,c1:76:22:02:32:72:01:13,32:72:01:43:31:ff:dc:05:4b:57:38:32,,97
6189,POS,1,13,6189,c0:86:0a:01:37:56:10:13,37:56:10:43:30:ff:dd:05:4b:58:32:31,,115
6190,POS,1,13,6190,c1:76:22:02:11:60:02:13,11:60:02:43:31:ff:d5:05:4b:57:38:32,,93
6191,POS,1,13,6191,c0:86:0a:01:37:57:10:13,37:57:10:43:30:ff:da:05:4b:58:32:31,,104
6193,POS,1,13,6193,c1:76:22:02:12:60:02:13,12:60:02:43:31:ff:d7:05:4b:57:38:32,,83
6305,POS,1,13,6305,c1:76:22:02:32:71:01:13,32:71:01:43:31:ff:d7:05:4b:57:38:32,,108
6307,POS,1,13,6307,c1:76:22:02:16:61:01:13,16:61:01:43:31:ff:d9:05:4b:57:38:32,,144
6327,POS,1,13,6327,c1:76:22:02:30:70:01:13,30:70:01:43:31:ff:d5:05:4b:57:38:32,,74
6328,POS,1,13,6328,c1:76:22:02:34:67:01:13,34:67:01:43:31:ff:d9:05:4b:57:38:32,,128
6329,POS,1,13,6329,c1:76:22:02:20:77:01:13,20:77:01:43:31:ff:db:05:4b:57:38:32,,64
6358,POS,1,13,6358,c1:76:22:02:19:68:01:13,19:68:01:43:31:ff:d9:05:4b:57:38:32,,120
6385,POS,1,13,6385,c1:76:22:02:13:71:01:13,13:71:01:43:31:ff:da:05:4b:57:38:32,,158
6386,POS,1,13,6386,c1:76:22:02:34:77:01:13,34:77:01:43:31:ff:d9:05:4b:57:38:32,,145
6387,POS,1,13,6387,c1:76:22:02:19:65:01:13,19:65:01:43:31:ff:d9:05:4b:57:38:32,,131
6388,POS,1,13,6388,c1:76:22:02:03:71:01:13,03:71:01:43:31:ff:da:05:4b:57:38:32,,132
6472,POS,1,13,6472,c1:76:22:02:19:82:01:13,19:82:01:43:31:ff:d6:05:4b:57:38:32,,85
6473,POS,1,13,6473,c1:76:22:02:37:58:02:13,37:58:02:43:31:ff:d9:05:4b:57:38:32,,95
6475,POS,1,13,6475,c1:76:22:02:25:65:01:13,25:65:01:43:31:ff:d7:05:4b:57:38:32,,105
6476,POS,1,13,6476,c1:76:22:02:24:65:01:13,24:65:01:43:31:ff:d8:05:4b:57:38:32,,116
6477,POS,1,13,6477,c1:76:22:02:33:77:01:13,33:77:01:43:31:ff:db:05:4b:57:38:32,,106
6479,POS,1,13,6479,c1:76:22:02:03:70:01:13,03:70:01:43:31:ff:da:05:4b:57:38:32,,94
6481,POS,1,13,6481,c1:76:22:02:44:72:01:13,44:72:01:43:31:ff:db:05:4b:57:38:32,,117
6482,POS,1,13,6482,c1:76:22:02:14:67:01:13,14:67:01:43:31:ff:db:05:4b:57:38:32,,129
6484,POS,1,13,6484,c1:76:22:02:06:67:01:13,06:67:01:43:31:ff:d4:05:4b:57:38:32,,84
6495,POS,1,13,6495,c1:76:22:02:34:72:01:13,34:72:01:43:31:ff:d5:05:4b:57:38:32,,157
6524,POS,1,13,6524,c1:76:22:02:17:61:01:13,17:61:01:43:31:ff:d5:05:4b:57:38:32,,62
6526,POS,1,13,6526,c1:76:22:02:04:69:01:13,04:69:01:43:31:ff:d7:05:4b:57:38:32,,107
6531,POS,1,13,6531,c1:76:22:02:32:70:01:13,32:70:01:43:31:ff:d5:05:4b:57:38:32,,118
6536,POS,1,13,6536,c0:86:0a:01:32:55:10:13,32:55:10:43:30:ff:da:05:4b:58:32:31,,130
6844,POS,1,13,6844,c1:76:22:02:31:71:02:13,31:71:02:43:31:ff:d6:05:4b:57:38:32,,148
6845,POS,1,13,6845,c1:76:22:02:22:67:02:13,22:67:02:43:31:ff:d8:05:4b:57:38:32,,205
6846,POS,1,13,6846,c1:76:22:02:32:59:02:13,32:59:02:43:31:ff:d7:05:4b:57:38:32,,162
6896,POS,1,13,6896,c1:76:22:02:10:58:02:13,10:58:02:43:31:ff:d6:05:4b:57:38:32,,190
6965,POS,1,13,6965,c1:76:22:02:17:82:01:13,17:82:01:43:31:ff:d7:05:4b:57:38:32,,134
6970,POS,1,13,6970,c1:76:22:02:14:87:01:13,14:87:01:43:31:ff:da:05:4b:57:38:32,,160
6973,POS,1,13,6973,c1:76:22:02:16:82:01:13,16:82:01:43:31:ff:d7:05:4b:57:38:32,,135
6988,POS,1,13,6988,c1:76:22:02:16:83:01:13,16:83:01:43:31:ff:d6:05:4b:57:38:32,,174
6996,POS,1,13,6996,c1:76:22:02:22:59:02:13,22:59:02:43:31:ff:da:05:4b:57:38:32,,146
6997,POS,1,13,6997,c1:76:22:02:16:71:02:13,16:71:02:43:31:ff:d6:05:4b:57:38:32,,123
6998,POS,1,13,6998,c1:76:22:02:39:66:02:13,39:66:02:43:31:ff:d5:05:4b:57:38:32,,175
6999,POS,1,13,6999,c1:76:22:02:16:60:02:13,16:60:02:43:31:ff:da:05:4b:57:38:32,,189
7000,POS,1,13,7000,c1:76:22:02:05:67:02:13,05:67:02:43:31:ff:d7:05:4b:57:38:32,,147
7699,POS,1,13,7699,c1:76:22:02:37:57:01:13,37:57:01:43:31:ff:dd:05:4b:57:38:32,,81
7782,POS,1,13,7782,c0:86:0a:01:15:55:10:13,15:55:10:43:30:ff:d7:05:4b:58:32:31,,176
7783,POS,1,13,7783,c0:86:0a:01:10:56:10:13,10:56:10:43:30:ff:db:05:4b:58:32:31,,122
7989,POS,1,13,7989,c1:76:22:02:28:63:01:13,28:63:01:43:31:ff:d4:05:4b:57:38:32,,110
7991,POS,1,13,7991,c1:76:22:02:39:75:01:13,39:75:01:43:31:ff:d8:05:4b:57:38:32,,63
7992,POS,1,13,7992,c0:86:0a:01:34:54:10:13,34:54:10:43:30:ff:db:05:4b:58:32:31,,173
7993,POS,1,13,7993,c1:76:22:02:17:73:02:13,17:73:02:43:31:ff:d6:05:4b:57:38:32,,159
8001,POS,1,13,8001,c1:76:22:02:22:66:01:13,22:66:01:43:31:ff:d9:05:4b:57:38:32,,221
8052,POS,1,13,8052,c1:76:22:02:32:61:01:13,32:61:01:43:31:ff:d7:05:4b:57:38:32,,55
8076,POS,1,13,8076,c1:76:22:02:30:80:01:13,30:80:01:43:31:ff:d6:05:4b:57:38:32,,114
8077,POS,1,13,8077,c1:76:22:02:43:75:01:13,43:75:01:43:31:ff:dd:05:4b:57:38:32,,103
8078,POS,1,13,8078,c1:76:22:02:06:78:01:13,06:78:01:43:31:ff:dd:05:4b:57:38:32,,102
8080,POS,1,13,8080,c1:76:22:02:16:64:02:13,16:64:02:43:31:ff:d8:05:4b:57:38:32,,54
8090,POS,1,13,8090,c1:76:22:02:40:76:01:13,40:76:01:43:31:ff:da:05:4b:57:38:32,,71
8091,POS,1,13,8091,c1:76:22:02:25:77:01:13,25:77:01:43:31:ff:d4:05:4b:57:38:32,,80
8106,POS,1,13,8106,c1:76:22:02:10:72:02:13,10:72:02:43:31:ff:d4:05:4b:57:38:32,,161
8128,POS,1,13,8128,c1:76:22:02:36:69:01:13,36:69:01:43:31:ff:d9:05:4b:57:38:32,,121
8209,POS,1,13,8209,c0:86:0a:01:24:90:09:13,24:90:09:43:30:ff:d5:05:4b:58:32:31,,73
8219,POS,1,13,8219,c0:86:0a:01:09:83:09:13,09:83:09:43:30:ff:d9:05:4b:58:32:31,,82
8306,POS,1,13,8306,c0:86:0a:01:12:61:10:13,12:61:10:43:30:ff:d4:05:4b:58:32:31,,90
8314,POS,1,13,8314,c0:86:0a:01:26:55:10:13,26:55:10:43:30:ff:d7:05:4b:58:32:31,,92
P139,FIF,1,13,10139,47:b4:19:02:18:66:01:13,18:66:01:43:37:ff:d5:05:41:4b:36:32,,239
P141,FIF,1,13,10141,c3:74:02:08:23:65:04:13,23:65:04:43:33:ff:da:05:43:57:30:38,,75
1051,POS,1,14,1051,47:b4:19:02:29:77:03:13,29:77:03:43:37:ff:d9:05:41:4b:36:32,,510
1057,POS,1,14,1057,47:b4:19:02:38:77:03:13,38:77:03:43:37:ff:d9:05:41:4b:36:32,,494
1060,POS,1,14,1060,c3:74:02:08:27:79:04:13,27:79:04:43:33:ff:d8:05:43:57:30:38,,409
1373,POS,1,14,1373,47:b4:19:02:30:83:03:13,30:83:03:43:37:ff:d8:05:41:4b:36:32,,492
1451,POS,1,14,1451,47:b4:19:02:31:72:03:13,31:72:03:43:37:ff:dc:05:41:4b:36:32,,508
1578,POS,1,14,1578,47:b4:19:02:18:88:03:13,18:88:03:43:37:ff:da:05:41:4b:36:32,,387
1664,POS,1,14,1664,c3:74:02:08:33:59:06:13,33:59:06:43:33:ff:d6:05:43:57:30:38,,385
2049,POS,1,14,2049,c3:74:02:08:19:82:07:13,19:82:07:43:33:ff:d8:05:43:57:30:38,,523
2161,POS,1,14,2161,c3:74:02:08:19:54:06:13,19:54:06:43:33:ff:da:05:43:57:30:38,,473
2278,POS,1,14,2278,c3:74:02:08:23:57:06:13,23:57:06:43:33:ff:da:05:43:57:30:38,,431
5669,POS,1,14,5669,c3:74:02:08:10:56:05:13,10:56:05:43:33:ff:dd:05:43:57:30:38,,408
7003,POS,1,14,7003,c1:76:22:02:35:69:02:13,35:69:02:43:31:ff:d6:05:4b:57:38:32,,410
7099,POS,1,14,7099,c1:76:22:02:13:69:02:13,13:69:02:43:31:ff:d9:05:4b:57:38:32,,474
7103,POS,1,14,7103,c1:76:22:02:31:61:02:13,31:61:02:43:31:ff:d5:05:4b:57:38:32,,455
7875,POS,1,14,7875,c1:76:22:02:29:55:01:13,29:55:01:43:31:ff:da:05:4b:57:38:32,,432
7876,POS,1,14,7876,c1:76:22:02:06:73:02:13,06:73:02:43:31:ff:da:05:4b:57:38:32,,491
7877,POS,1,14,7877,c1:76:22:02:19:55:01:13,19:55:01:43:31:ff:da:05:4b:57:38:32,,454
8008,POS,1,14,8008,c1:76:22:02:31:82:01:13,31:82:01:43:31:ff:da:05:4b:57:38:32,,493
8032,POS,1,14,8032,c1:76:22:02:43:73:01:13,43:73:01:43:31:ff:d6:05:4b:57:38:32,,364
8042,POS,1,14,8042,c1:76:22:02:16:65:02:13,16:65:02:43:31:ff:dc:05:4b:57:38:32,,429
8043,POS,1,14,8043,c1:76:22:02:26:68:02:13,26:68:02:43:31:ff:d8:05:4b:57:38:32,,451
8045,POS,1,14,8045,c1:76:22:02:38:60:01:13,38:60:01:43:31:ff:d9:05:4b:57:38:32,,386
8046,POS,1,14,8046,c1:76:22:02:25:53:01:13,25:53:01:43:31:ff:d8:05:4b:57:38:32,,407
8048,POS,1,14,8048,c0:86:0a:01:32:89:09:13,32:89:09:43:30:ff:db:05:4b:58:32:31,,384
8049,POS,1,14,8049,c0:86:0a:01:22:86:09:13,22:86:09:43:30:ff:da:05:4b:58:32:31,,343
8050,POS,1,14,8050,c1:76:22:02:31:88:01:13,31:88:01:43:31:ff:d8:05:4b:57:38:32,,450
8107,POS,1,14,8107,c1:76:22:02:32:63:02:13,32:63:02:43:31:ff:d8:05:4b:57:38:32,,509
8120,POS,1,14,8120,c1:76:22:02:31:62:02:13,31:62:02:43:31:ff:d5:05:4b:57:38:32,,428
8122,POS,1,14,8122,c0:86:0a:01:06:60:10:13,06:60:10:43:30:ff:dc:05:4b:58:32:31,,433
8131,POS,1,14,8131,c1:76:22:02:41:70:02:13,41:70:02:43:31:ff:d7:05:4b:57:38:32,,475
8138,POS,1,14,8138,c0:86:0a:01:18:90:09:13,18:90:09:43:30:ff:db:05:4b:58:32:31,,526
8166,POS,1,14,8166,c0:86:0a:01:36:82:09:13,36:82:09:43:30:ff:d8:05:4b:58:32:31,,363
8173,POS,1,14,8173,c0:86:0a:01:24:88:09:13,24:88:09:43:30:ff:d9:05:4b:58:32:31,,471
8174,POS,1,14,8174,c1:76:22:02:19:70:02:13,19:70:02:43:31:ff:d6:05:4b:57:38:32,,406
8175,POS,1,14,8175,c1:76:22:02:15:72:01:13,15:72:01:43:31:ff:d7:05:4b:57:38:32,,365
8204,POS,1,14,8204,c1:76:22:02:18:61:01:13,18:61:01:43:31:ff:d5:05:4b:57:38:32,,525
8206,POS,1,14,8206,c0:86:0a:01:15:61:10:13,15:61:10:43:30:ff:da:05:4b:58:32:31,,453
8215,POS,1,14,8215,c0:86:0a:01:28:61:10:13,28:61:10:43:30:ff:d8:05:4b:58:32:31,,430
8220,POS,1,14,8220,c0:86:0a:01:19:90:09:13,19:90:09:43:30:ff:d8:05:4b:58:32:31,,452
8228,POS,1,14,8228,c0:86:0a:01:35:58:10:13,35:58:10:43:30:ff:d7:05:4b:58:32:31,,524
8238,POS,1,14,8238,c0:86:0a:01:15:80:09:13,15:80:09:43:30:ff:d7:05:4b:58:32:31,,434
8239,POS,1,14,8239,c1:76:22:02:12:75:01:13,12:75:01:43:31:ff:d5:05:4b:57:38:32,,457
8257,POS,1,14,8257,c0:86:0a:01:21:55:10:13,21:55:10:43:30:ff:d6:05:4b:58:32:31,,458
8258,POS,1,14,8258,c1:76:22:02:22:64:02:13,22:64:02:43:31:ff:d7:05:4b:57:38:32,,511
8259,POS,1,14,8259,c1:76:22:02:36:61:01:13,36:61:01:43:31:ff:d5:05:4b:57:38:32,,476
8260,POS,1,14,8260,c1:76:22:02:16:68:01:13,16:68:01:43:31:ff:dc:05:4b:57:38:32,,477
8261,POS,1,14,8261,c1:76:22:02:07:65:01:13,07:65:01:43:31:ff:da:05:4b:57:38:32,,495
8264,POS,1,14,8264,c1:76:22:02:19:61:01:13,19:61:01:43:31:ff:db:05:4b:57:38:32,,512
8268,POS,1,14,8268,c1:76:22:02:24:75:01:13,24:75:01:43:31:ff:d4:05:4b:57:38:32,,456
8285,POS,1,14,8285,c1:76:22:02:33:56:01:13,33:56:01:43:31:ff:d8:05:4b:57:38:32,,472
P140,FIF,1,14,10140,c3:74:02:08:31:58:07:13,31:58:07:43:33:ff:dc:05:43:57:30:38,,496
P143,FIF,1,14,10143,c3:74:02:08:26:63:07:13,26:63:07:43:33:ff:d7:05:43:57:30:38,,534
286,POS,1,15,421,47:b4:19:02:33:59:01:13,33:59:01:43:37:ff:d7:05:41:4b:36:32,,357
1302,POS,1,15,1302,47:b4:19:02:07:59:01:13,07:59:01:43:37:ff:d6:05:41:4b:36:32,,294
1342,POS,1,15,1342,47:b4:19:02:16:52:02:13,16:52:02:43:37:ff:d6:05:41:4b:36:32,,362
1430,POS,1,15,1430,c3:74:02:08:22:54:06:13,22:54:06:43:33:ff:da:05:43:57:30:38,,336
1575,POS,1,15,1575,47:b4:19:02:22:65:03:13,22:65:03:43:37:ff:d6:05:41:4b:36:32,,295
1590,POS,1,15,1590,47:b4:19:02:24:78:01:13,24:78:01:43:37:ff:d8:05:41:4b:36:32,,223
1597,POS,1,15,1597,47:b4:19:02:08:83:03:13,08:83:03:43:37:ff:d5:05:41:4b:36:32,,337
1663,POS,1,15,1663,c3:74:02:08:26:82:07:13,26:82:07:43:33:ff:d2:05:43:57:30:38,,316
1891,POS,1,15,1891,c3:74:02:08:26:78:04:13,26:78:04:43:33:ff:da:05:43:57:30:38,,258
1963,POS,1,15,1963,47:b4:19:02:11:69:02:13,11:69:02:43:37:ff:d7:05:41:4b:36:32,,275
1982,POS,1,15,1982,47:b4:19:02:08:70:01:13,08:70:01:43:37:ff:d7:05:41:4b:36:32,,342
1988,POS,1,15,1988,47:b4:19:02:14:62:01:13,14:62:01:43:37:ff:d5:05:41:4b:36:32,,276
1991,POS,1,15,1991,47:b4:19:02:39:84:03:13,39:84:03:43:37:ff:d7:05:41:4b:36:32,,338
2010,POS,1,15,2010,c3:74:02:08:33:77:07:13,33:77:07:43:33:ff:d6:05:43:57:30:38,,293
2026,POS,1,15,2026,c3:74:02:08:17:85:07:13,17:85:07:43:33:ff:d7:05:43:57:30:38,,404
2062,POS,1,15,2062,c3:74:02:08:11:66:06:13,11:66:06:43:33:ff:d9:05:43:57:30:38,,298
2070,POS,1,15,2070,c3:74:02:08:29:78:07:13,29:78:07:43:33:ff:d5:05:43:57:30:38,,341
2138,POS,1,15,2138,c3:74:02:08:25:54:06:13,25:54:06:43:33:ff:dd:05:43:57:30:38,,257
2142,POS,1,15,2142,c3:74:02:08:31:76:07:13,31:76:07:43:33:ff:db:05:43:57:30:38,,296
2144,POS,1,15,2144,c3:74:02:08:22:90:07:13,22:90:07:43:33:ff:d8:05:43:57:30:38,,315
2149,POS,1,15,2149,c3:74:02:08:21:59:06:13,21:59:06:43:33:ff:d8:05:43:57:30:38,,297
2158,POS,1,15,2158,c3:74:02:08:15:76:07:13,15:76:07:43:33:ff:da:05:43:57:30:38,,240
2162,POS,1,15,2162,c3:74:02:08:29:76:07:13,29:76:07:43:33:ff:d7:05:43:57:30:38,,260
2163,POS,1,15,2163,c3:74:02:08:18:60:06:13,18:60:06:43:33:ff:d8:05:43:57:30:38,,277
2180,POS,1,15,2180,c3:74:02:08:25:84:07:13,25:84:07:43:33:ff:d7:05:43:57:30:38,,241
2236,POS,1,15,2236,c3:74:02:08:35:87:08:13,35:87:08:43:33:ff:da:05:43:57:30:38,,361
2304,POS,1,15,2304,c3:74:02:08:07:76:07:13,07:76:07:43:33:ff:d9:05:43:57:30:38,,279
5708,POS,1,15,5708,c3:74:02:08:10:69:06:13,10:69:06:43:33:ff:d9:05:43:57:30:38,,427
6437,POS,1,15,6437,c1:76:22:02:26:73:01:13,26:73:01:43:31:ff:d8:05:4b:57:38:32,,280
7538,POS,1,15,7538,c1:76:22:02:14:52:01:13,14:52:01:43:31:ff:d7:05:4b:57:38:32,,320
7996,POS,1,15,7996,c1:76:22:02:13:66:01:13,13:66:01:43:31:ff:d7:05:4b:57:38:32,,317
8018,POS,1,15,8018,c1:76:22:02:09:69:02:13,09:69:02:43:31:ff:d6:05:4b:57:38:32,,359
8051,POS,1,15,8051,c1:76:22:02:03:74:02:13,03:74:02:43:31:ff:d9:05:4b:57:38:32,,405
8053,POS,1,15,8053,c1:76:22:02:17:69:01:13,17:69:01:43:31:ff:d3:05:4b:57:38:32,,259
8068,POS,1,15,8068,c1:76:22:02:39:74:01:13,39:74:01:43:31:ff:db:05:4b:57:38:32,,278
8113,POS,1,15,8113,c0:86:0a:01:10:83:09:13,10:83:09:43:30:ff:d8:05:4b:58:32:31,,382
8202,POS,1,15,8202,c0:86:0a:01:09:57:10:13,09:57:10:43:30:ff:da:05:4b:58:32:31,,318
8229,POS,1,15,8229,c0:86:0a:01:30:51:10:13,30:51:10:43:30:ff:da:05:4b:58:32:31,,383
8231,POS,1,15,8231,c1:76:22:02:33:70:02:13,33:70:02:43:31:ff:db:05:4b:57:38:32,,426
8233,POS,1,15,8233,c0:86:0a:01:19:56:10:13,19:56:10:43:30:ff:d8:05:4b:58:32:31,,380
8271,POS,1,15,8271,c1:76:22:02:25:54:01:13,25:54:01:43:31:ff:da:05:4b:57:38:32,,403
8279,POS,1,15,8279,c0:86:0a:01:30:60:10:13,30:60:10:43:30:ff:d8:05:4b:58:32:31,,300
8280,POS,1,15,8280,c1:76:22:02:21:66:01:13,21:66:01:43:31:ff:d7:05:4b:57:38:32,,339
8281,POS,1,15,8281,c0:86:0a:01:18:83:09:13,18:83:09:43:30:ff:d9:05:4b:58:32:31,,340
8312,POS,1,15,8312,c0:86:0a:01:29:51:10:13,29:51:10:43:30:ff:da:05:4b:58:32:31,,360
8320,POS,1,15,8320,c1:76:22:02:26:75:01:13,26:75:01:43:31:ff:d7:05:4b:57:38:32,,381
8326,POS,1,15,8326,c1:76:22:02:13:79:01:13,13:79:01:43:31:ff:da:05:4b:57:38:32,,319
8331,POS,1,15,8331,c1:76:22:02:22:68:01:13,22:68:01:43:31:ff:d7:05:4b:57:38:32,,402
8340,POS,1,15,8340,c0:86:0a:01:08:60:10:13,08:60:10:43:30:ff:d5:05:4b:58:32:31,,358
8348,POS,1,15,8348,c0:86:0a:01:25:83:09:13,25:83:09:43:30:ff:da:05:4b:58:32:31,,299
P138,FIF,1,15,10138,c1:74:0e:09:18:78:07:13,18:78:07:43:31:ff:d8:05:43:57:33:39,,321
6805,POS,1,16,6805,c1:76:22:02:08:65:02:13,08:65:02:43:31:ff:d8:05:4b:57:38:32,,467
6924,POS,1,16,6924,c1:76:22:02:42:70:01:13,42:70:01:43:31:ff:dd:05:4b:57:38:32,,447
6925,POS,1,16,6925,c1:76:22:02:15:84:01:13,15:84:01:43:31:ff:d8:05:4b:57:38:32,,502
6926,POS,1,16,6926,c0:86:0a:01:34:61:10:13,34:61:10:43:30:ff:d9:05:4b:58:32:31,,486
6928,POS,1,16,6928,c1:76:22:02:32:87:01:13,32:87:01:43:31:ff:d8:05:4b:57:38:32,,485
6956,POS,1,16,6956,c1:76:22:02:28:59:02:13,28:59:02:43:31:ff:db:05:4b:57:38:32,,425
7900,POS,1,16,7900,c0:86:0a:01:09:61:10:13,09:61:10:43:30:ff:d4:05:4b:58:32:31,,490
8197,POS,1,16,8197,c1:76:22:02:11:85:01:13,11:85:01:43:31:ff:d7:05:4b:57:38:32,,504
8203,POS,1,16,8203,c1:76:22:02:37:69:01:13,37:69:01:43:31:ff:d6:05:4b:57:38:32,,468
8205,POS,1,16,8205,c0:86:0a:01:27:90:09:13,27:90:09:43:30:ff:d8:05:4b:58:32:31,,469
8207,POS,1,16,8207,c1:76:22:02:20:69:01:13,20:69:01:43:31:ff:da:05:4b:57:38:32,,522
8232,POS,1,16,8232,c1:76:22:02:09:68:01:13,09:68:01:43:31:ff:da:05:4b:57:38:32,,449
8265,POS,1,16,8265,c1:76:22:02:23:57:01:13,23:57:01:43:31:ff:d6:05:4b:57:38:32,,521
8266,POS,1,16,8266,c1:76:22:02:19:90:01:13,19:90:01:43:31:ff:d9:05:4b:57:38:32,,448
8267,POS,1,16,8267,c0:86:0a:01:21:59:10:13,21:59:10:43:30:ff:d8:05:4b:58:32:31,,507
8272,POS,1,16,8272,c0:86:0a:01:18:56:10:13,18:56:10:43:30:ff:d6:05:4b:58:32:31,,503
8273,POS,1,16,8273,c1:76:22:02:25:63:02:13,25:63:02:43:31:ff:d6:05:4b:57:38:32,,487
8274,POS,1,16,8274,c1:76:22:02:28:53:01:13,28:53:01:43:31:ff:d5:05:4b:57:38:32,,488
8275,POS,1,16,8275,c1:76:22:02:43:77:01:13,43:77:01:43:31:ff:da:05:4b:57:38:32,,518
8276,POS,1,16,8276,c1:76:22:02:29:66:01:13,29:66:01:43:31:ff:d7:05:4b:57:38:32,,489
8277,POS,1,16,8277,c1:76:22:02:07:69:02:13,07:69:02:43:31:ff:d6:05:4b:57:38:32,,520
8278,POS,1,16,8278,c0:86:0a:01:16:82:09:13,16:82:09:43:30:ff:d5:05:4b:58:32:31,,470
8289,POS,1,16,8289,c1:76:22:02:21:69:01:13,21:69:01:43:31:ff:d9:05:4b:57:38:32,,519
8292,POS,1,16,8292,c1:76:22:02:15:67:02:13,15:67:02:43:31:ff:d9:05:4b:57:38:32,,505
8317,POS,1,16,8317,c1:76:22:02:35:80:01:13,35:80:01:43:31:ff:da:05:4b:57:38:32,,506
P137,FIF,1,16,10137,c3:74:02:08:20:56:07:13,20:56:07:43:33:ff:d7:05:43:57:30:38,,517
741,POS,1,17,741,47:b4:19:02:22:87:03:13,22:87:03:43:37:ff:db:05:41:4b:36:32,,464
1472,POS,1,17,1472,c3:74:02:08:17:82:07:13,17:82:07:43:33:ff:d8:05:43:57:30:38,,332
1529,POS,1,17,1529,c3:74:02:08:28:84:07:13,28:84:07:43:33:ff:d7:05:43:57:30:38,,314
1596,POS,1,17,1596,47:b4:19:02:04:69:02:13,04:69:02:43:37:ff:df:05:41:4b:36:32,,335
1639,POS,1,17,1639,47:b4:19:02:41:68:03:13,41:68:03:43:37:ff:d7:05:41:4b:36:32,,461
1652,POS,1,17,1652,c3:74:02:08:06:65:06:13,06:65:06:43:33:ff:d9:05:43:57:30:38,,462
1654,POS,1,17,1654,c3:74:02:08:40:65:06:13,40:65:06:43:33:ff:d7:05:43:57:30:38,,377
1836,POS,1,17,1836,47:b4:19:02:18:71:03:13,18:71:03:43:37:ff:d6:05:41:4b:36:32,,399
1890,POS,1,17,1890,c3:74:02:08:25:78:04:13,25:78:04:43:33:ff:d6:05:43:57:30:38,,421
1892,POS,1,17,1892,47:b4:19:02:06:60:01:13,06:60:01:43:37:ff:d9:05:41:4b:36:32,,356
2004,POS,1,17,2004,c3:74:02:08:17:62:06:13,17:62:06:43:33:ff:d8:05:43:57:30:38,,443
2009,POS,1,17,2009,c3:74:02:08:24:82:07:13,24:82:07:43:33:ff:da:05:43:57:30:38,,440
2052,POS,1,17,2052,c3:74:02:08:20:88:07:13,20:88:07:43:33:ff:dc:05:43:57:30:38,,442
2074,POS,1,17,2074,c3:74:02:08:35:56:06:13,35:56:06:43:33:ff:d9:05:43:57:30:38,,420
2152,POS,1,17,2152,c3:74:02:08:34:79:07:13,34:79:07:43:33:ff:db:05:43:57:30:38,,398
2155,POS,1,17,2155,c3:74:02:08:11:62:06:13,11:62:06:43:33:ff:d5:05:43:57:30:38,,441
2214,POS,1,17,2214,c3:74:02:08:24:84:07:13,24:84:07:43:33:ff:d4:05:43:57:30:38,,463
2298,POS,1,17,2298,c3:74:02:08:08:60:06:13,08:60:06:43:33:ff:da:05:43:57:30:38,,484
2362,POS,1,17,2362,c3:74:02:08:22:83:07:13,22:83:07:43:33:ff:d8:05:43:57:30:38,,355
2391,POS,1,17,2391,c3:74:02:08:23:61:06:13,23:61:06:43:33:ff:d6:05:43:57:30:38,,419
5693,POS,1,17,5693,c3:74:02:08:34:76:06:13,34:76:06:43:33:ff:dd:05:43:57:30:38,,373
6429,POS,1,17,6429,c1:76:22:02:11:68:01:13,11:68:01:43:31:ff:d5:05:4b:57:38:32,,394
6431,POS,1,17,6431,c1:76:22:02:12:71:01:13,12:71:01:43:31:ff:d7:05:4b:57:38:32,,354
6433,POS,1,17,6433,c1:76:22:02:26:67:02:13,26:67:02:43:31:ff:d9:05:4b:57:38:32,,334
6434,POS,1,17,6434,c1:76:22:02:06:71:01:13,06:71:01:43:31:ff:da:05:4b:57:38:32,,313
6435,POS,1,17,6435,c1:76:22:02:39:68:01:13,39:68:01:43:31:ff:d9:05:4b:57:38:32,,312
6436,POS,1,17,6436,c1:76:22:02:15:71:01:13,15:71:01:43:31:ff:d9:05:4b:57:38:32,,396
6440,POS,1,17,6440,c1:76:22:02:33:61:01:13,33:61:01:43:31:ff:da:05:4b:57:38:32,,376
6446,POS,1,17,6446,c1:76:22:02:42:73:01:13,42:73:01:43:31:ff:df:05:4b:57:38:32,,416
6447,POS,1,17,6447,c1:76:22:02:20:61:01:13,20:61:01:43:31:ff:d7:05:4b:57:38:32,,418
6561,POS,1,17,6561,c1:76:22:02:12:69:01:13,12:69:01:43:31:ff:d9:05:4b:57:38:32,,353
6562,POS,1,17,6562,c1:76:22:02:34:70:01:13,34:70:01:43:31:ff:d8:05:4b:57:38:32,,374
6573,POS,1,17,6573,c1:76:22:02:37:77:01:13,37:77:01:43:31:ff:d6:05:4b:57:38:32,,333
6587,POS,1,17,6587,c1:76:22:02:26:67:01:13,26:67:01:43:31:ff:d9:05:4b:57:38:32,,375
6588,POS,1,17,6588,c1:76:22:02:30:71:01:13,30:71:01:43:31:ff:d9:05:4b:57:38:32,,417
6589,POS,1,17,6589,c1:76:22:02:09:67:01:13,09:67:01:43:31:ff:d7:05:4b:57:38:32,,395
6592,POS,1,17,6592,c1:76:22:02:30:66:01:13,30:66:01:43:31:ff:da:05:4b:57:38:32,,397
6751,POS,1,17,6751,c1:76:22:02:04:73:01:13,04:73:01:43:31:ff:dd:05:4b:57:38:32,,378
6795,POS,1,17,6795,c1:76:22:02:07:60:01:13,07:60:01:43:31:ff:d9:05:4b:57:38:32,,465
6796,POS,1,17,6796,c1:76:22:02:09:66:02:13,09:66:02:43:31:ff:d7:05:4b:57:38:32,,445
6798,POS,1,17,6798,c1:76:22:02:13:58:02:13,13:58:02:43:31:ff:d9:05:4b:57:38:32,,400
6807,POS,1,17,6807,c1:76:22:02:30:84:01:13,30:84:01:43:31:ff:d6:05:4b:57:38:32,,444
6916,POS,1,17,6916,c1:76:22:02:20:66:02:13,20:66:02:43:31:ff:d8:05:4b:57:38:32,,422
6917,POS,1,17,6917,c1:76:22:02:30:87:01:13,30:87:01:43:31:ff:dd:05:4b:57:38:32,,483
6920,POS,1,17,6920,c0:86:0a:01:11:84:09:13,11:84:09:43:30:ff:d9:05:4b:58:32:31,,379
6923,POS,1,17,6923,c1:76:22:02:31:87:01:13,31:87:01:43:31:ff:d8:05:4b:57:38:32,,501
6927,POS,1,17,6927,c1:76:22:02:36:86:01:13,36:86:01:43:31:ff:da:05:4b:57:38:32,,446
6930,POS,1,17,6930,c0:86:0a:01:36:58:10:13,36:58:10:43:30:ff:d3:05:4b:58:32:31,,424
6957,POS,1,17,6957,c1:76:22:02:09:61:02:13,09:61:02:43:31:ff:d6:05:4b:57:38:32,,423
6958,POS,1,17,6958,c1:76:22:02:25:88:01:13,25:88:01:43:31:ff:d8:05:4b:57:38:32,,401
7002,POS,1,17,7002,c1:76:22:02:27:59:02:13,27:59:02:43:31:ff:d9:05:4b:57:38:32,,466
7631,POS,1,17,7631,c1:76:22:02:24:72:02:13,24:72:02:43:31:ff:d7:05:4b:57:38:32,,352
P127,FIF,1,17,10127,47:b4:19:02:19:82:03:13,19:82:03:43:37:ff:da:05:41:4b:36:32,,439
P136,FIF,1,17,10136,c1:74:0e:09:21:78:07:13,21:78:07:43:31:ff:dd:05:43:57:33:39,,482
628,POS,1,22,628,47:b4:19:02:42:75:03:13,42:75:03:43:37:ff:d7:05:41:4b:36:32,,368
1409,POS,1,22,1409,47:b4:19:02:21:68:03:13,21:68:03:43:37:ff:d6:05:41:4b:36:32,,289
1436,POS,1,22,1436,47:b4:19:02:27:86:03:13,27:86:03:43:37:ff:d4:05:41:4b:36:32,,347
1437,POS,1,22,1437,47:b4:19:02:20:84:03:13,20:84:03:43:37:ff:d9:05:41:4b:36:32,,307
1475,POS,1,22,1475,c3:74:02:08:28:65:06:13,28:65:06:43:33:ff:d7:05:43:57:30:38,,388
1606,POS,1,22,1606,47:b4:19:02:25:78:03:13,25:78:03:43:37:ff:dc:05:41:4b:36:32,,329
1657,POS,1,22,1657,c3:74:02:08:16:78:07:13,16:78:07:43:33:ff:d7:05:43:57:30:38,,367
1668,POS,1,22,1668,47:b4:19:02:37:72:03:13,37:72:03:43:37:ff:dc:05:41:4b:36:32,,287
1908,POS,1,22,1908,47:b4:19:02:35:70:02:13,35:70:02:43:37:ff:d9:05:41:4b:36:32,,391
1936,POS,1,22,1936,47:b4:19:02:39:78:03:13,39:78:03:43:37:ff:d8:05:41:4b:36:32,,327
1999,POS,1,22,1999,c3:74:02:08:35:65:06:13,35:65:06:43:33:ff:d7:05:43:57:30:38,,389
2002,POS,1,22,2002,c3:74:02:08:28:82:07:13,28:82:07:43:33:ff:da:05:43:57:30:38,,346
2059,POS,1,22,2059,c3:74:02:08:30:87:07:13,30:87:07:43:33:ff:d8:05:43:57:30:38,,330
2071,POS,1,22,2071,c3:74:02:08:31:75:07:13,31:75:07:43:33:ff:d7:05:43:57:30:38,,306
2116,POS,1,22,2116,c3:74:02:08:10:73:07:13,10:73:07:43:33:ff:da:05:43:57:30:38,,412
2145,POS,1,22,2145,c3:74:02:08:17:90:07:13,17:90:07:43:33:ff:d8:05:43:57:30:38,,370
2175,POS,1,22,2175,c3:74:02:08:23:78:07:13,23:78:07:43:33:ff:d9:05:43:57:30:38,,269
2187,POS,1,22,2187,c3:74:02:08:26:52:06:13,26:52:06:43:33:ff:d5:05:43:57:30:38,,326
2198,POS,1,22,2198,c3:74:02:08:25:90:07:13,25:90:07:43:33:ff:d9:05:43:57:30:38,,305
2220,POS,1,22,2220,c3:74:02:08:30:56:06:13,30:56:06:43:33:ff:d8:05:43:57:30:38,,345
2221,POS,1,22,2221,c3:74:02:08:24:78:07:13,24:78:07:43:33:ff:d8:05:43:57:30:38,,268
2224,POS,1,22,2224,c3:74:02:08:23:62:06:13,23:62:06:43:33:ff:d7:05:43:57:30:38,,308
2388,POS,1,22,2388,c3:74:02:08:17:53:06:13,17:53:06:43:33:ff:de:05:43:57:30:38,,350
5025,POS,1,22,5025,c3:74:02:08:40:79:07:13,40:79:07:43:33:ff:db:05:43:57:30:38,,288
6225,POS,1,22,6225,c0:86:0a:01:23:51:10:13,23:51:10:43:30:ff:db:05:4b:58:32:31,,344
6229,POS,1,22,6229,c0:86:0a:01:25:58:10:13,25:58:10:43:30:ff:d9:05:4b:58:32:31,,324
6554,POS,1,22,6554,c1:76:22:02:16:65:01:13,16:65:01:43:31:ff:db:05:4b:57:38:32,,304
6555,POS,1,22,6555,c1:76:22:02:11:72:01:13,11:72:01:43:31:ff:d6:05:4b:57:38:32,,286
6557,POS,1,22,6557,c1:76:22:02:04:72:01:13,04:72:01:43:31:ff:d8:05:4b:57:38:32,,323
7551,POS,1,22,7551,c1:76:22:02:29:63:02:13,29:63:02:43:31:ff:d7:05:4b:57:38:32,,390
7672,POS,1,22,7672,c1:76:22:02:04:74:02:13,04:74:02:43:31:ff:d5:05:4b:57:38:32,,411
7703,POS,1,22,7703,c0:86:0a:01:25:61:10:13,25:61:10:43:30:ff:da:05:4b:58:32:31,,309
7705,POS,1,22,7705,c1:76:22:02:38:75:01:13,38:75:01:43:31:ff:d7:05:4b:57:38:32,,371
7706,POS,1,22,7706,c1:76:22:02:24:74:01:13,24:74:01:43:31:ff:d6:05:4b:57:38:32,,351
7802,POS,1,22,7802,c1:76:22:02:11:69:02:13,11:69:02:43:31:ff:d6:05:4b:57:38:32,,372
7810,POS,1,22,7810,c1:76:22:02:28:58:01:13,28:58:01:43:31:ff:d6:05:4b:57:38:32,,348
7811,POS,1,22,7811,c1:76:22:02:32:55:01:13,32:55:01:43:31:ff:d9:05:4b:57:38:32,,369
7813,POS,1,22,7813,c0:86:0a:01:29:56:10:13,29:56:10:43:30:ff:db:05:4b:58:32:31,,328
8020,POS,1,22,8020,c0:86:0a:01:19:88:09:13,19:88:09:43:30:ff:da:05:4b:58:32:31,,415
8021,POS,1,22,8021,c1:76:22:02:05:73:02:13,05:73:02:43:31:ff:d9:05:4b:57:38:32,,414
8022,POS,1,22,8022,c1:76:22:02:26:64:01:13,26:64:01:43:31:ff:da:05:4b:57:38:32,,392
8023,POS,1,22,8023,c1:76:22:02:30:57:01:13,30:57:01:43:31:ff:da:05:4b:57:38:32,,393
8025,POS,1,22,8025,c1:76:22:02:17:67:02:13,17:67:02:43:31:ff:d9:05:4b:57:38:32,,437
8103,POS,1,22,8103,c1:76:22:02:07:79:01:13,07:79:01:43:31:ff:da:05:4b:57:38:32,,366
8105,POS,1,22,8105,c1:76:22:02:05:63:02:13,05:63:02:43:31:ff:d5:05:4b:57:38:32,,325
8123,POS,1,22,8123,c1:76:22:02:31:68:01:13,31:68:01:43:31:ff:d6:05:4b:57:38:32,,435
8124,POS,1,22,8124,c0:86:0a:01:34:58:10:13,34:58:10:43:30:ff:d6:05:4b:58:32:31,,413
8127,POS,1,22,8127,c0:86:0a:01:21:53:10:13,21:53:10:43:30:ff:db:05:4b:58:32:31,,436
8246,POS,1,22,8246,c1:76:22:02:36:62:02:13,36:62:02:43:31:ff:d8:05:4b:57:38:32,,459
8475,POS,1,22,8475,c1:76:22:02:16:69:02:13,16:69:02:43:31:ff:da:05:4b:57:38:32,,349
P149,GIF,1,22,10149,,,,541
P152,GIF,1,22,10152,,,,542
1822,POS,1,23,1822,47:b4:19:02:31:71:01:13,31:71:01:43:37:ff:d7:05:41:4b:36:32,,285
2072,POS,1,23,2072,c3:74:02:08:40:77:07:13,40:77:07:43:33:ff:d4:05:43:57:30:38,,303
2230,POS,1,23,2230,c3:74:02:08:18:87:07:13,18:87:07:43:33:ff:db:05:43:57:30:38,,248
5893,POS,1,23,5893,c1:76:22:02:24:63:01:13,24:63:01:43:31:ff:d8:05:4b:57:38:32,,265
5988,POS,1,23,5988,c1:76:22:02:23:58:01:13,23:58:01:43:31:ff:d8:05:4b:57:38:32,,207
6063,POS,1,23,6063,c1:76:22:02:43:64:02:13,43:64:02:43:31:ff:d9:05:4b:57:38:32,,267
6100,POS,1,23,6100,c1:76:22:02:12:62:02:13,12:62:02:43:31:ff:d4:05:4b:57:38:32,,212
6101,POS,1,23,6101,c1:76:22:02:20:62:02:13,20:62:02:43:31:ff:d6:05:4b:57:38:32,,281
6102,POS,1,23,6102,c0:86:0a:01:12:62:10:13,12:62:10:43:30:ff:d7:05:4b:58:32:31,,195
6103,POS,1,23,6103,c1:76:22:02:43:65:02:13,43:65:02:43:31:ff:dc:05:4b:57:38:32,,263
6104,POS,1,23,6104,c1:76:22:02:29:62:02:13,29:62:02:43:31:ff:d9:05:4b:57:38:32,,246
6105,POS,1,23,6105,c1:76:22:02:37:64:02:13,37:64:02:43:31:ff:d8:05:4b:57:38:32,,210
6116,POS,1,23,6116,c1:76:22:02:35:53:01:13,35:53:01:43:31:ff:db:05:4b:57:38:32,,261
6118,POS,1,23,6118,c0:86:0a:01:18:51:10:13,18:51:10:43:30:ff:da:05:4b:58:32:31,,211
6149,POS,1,23,6149,c0:86:0a:01:38:82:09:13,38:82:09:43:30:ff:d8:05:4b:58:32:31,,227
6150,POS,1,23,6150,c0:86:0a:01:40:82:09:13,40:82:09:43:30:ff:d8:05:4b:58:32:31,,244
6223,POS,1,23,6223,c0:86:0a:01:17:57:10:13,17:57:10:43:30:ff:d9:05:4b:58:32:31,,284
6226,POS,1,23,6226,c0:86:0a:01:19:52:10:13,19:52:10:43:30:ff:d9:05:4b:58:32:31,,231
6248,POS,1,23,6248,c0:86:0a:01:17:82:09:13,17:82:09:43:30:ff:d7:05:4b:58:32:31,,196
6249,POS,1,23,6249,c0:86:0a:01:15:60:10:13,15:60:10:43:30:ff:da:05:4b:58:32:31,,245
6250,POS,1,23,6250,c0:86:0a:01:14:60:10:13,14:60:10:43:30:ff:d7:05:4b:58:32:31,,213
6251,POS,1,23,6251,c0:86:0a:01:11:62:10:13,11:62:10:43:30:ff:d7:05:4b:58:32:31,,264
6252,POS,1,23,6252,c0:86:0a:01:14:54:10:13,14:54:10:43:30:ff:d7:05:4b:58:32:31,,282
6253,POS,1,23,6253,c1:76:22:02:41:65:02:13,41:65:02:43:31:ff:da:05:4b:57:38:32,,228
6426,POS,1,23,6426,c1:76:22:02:06:64:02:13,06:64:02:43:31:ff:da:05:4b:57:38:32,,322
6448,POS,1,23,6448,c1:76:22:02:09:62:01:13,09:62:01:43:31:ff:d6:05:4b:57:38:32,,229
6511,POS,1,23,6511,c1:76:22:02:15:77:01:13,15:77:01:43:31:ff:d6:05:4b:57:38:32,,193
6528,POS,1,23,6528,c1:76:22:02:35:71:01:13,35:71:01:43:31:ff:da:05:4b:57:38:32,,302
6530,POS,1,23,6530,c1:76:22:02:20:75:01:13,20:75:01:43:31:ff:d5:05:4b:57:38:32,,250
6546,POS,1,23,6546,c1:76:22:02:29:84:01:13,29:84:01:43:31:ff:d7:05:4b:57:38:32,,247
6553,POS,1,23,6553,c1:76:22:02:08:66:01:13,08:66:01:43:31:ff:d9:05:4b:57:38:32,,283
6556,POS,1,23,6556,c1:76:22:02:14:85:01:13,14:85:01:43:31:ff:d6:05:4b:57:38:32,,230
6558,POS,1,23,6558,c1:76:22:02:38:66:01:13,38:66:01:43:31:ff:da:05:4b:57:38:32,,266
6560,POS,1,23,6560,c1:76:22:02:05:67:01:13,05:67:01:43:31:ff:da:05:4b:57:38:32,,249
6639,POS,1,23,6639,c1:76:22:02:22:75:01:13,22:75:01:43:31:ff:d7:05:4b:57:38:32,,262
7063,POS,1,23,7063,c1:76:22:02:33:89:01:13,33:89:01:43:31:ff:d8:05:4b:57:38:32,,179
7112,POS,1,23,7112,c1:76:22:02:21:59:02:13,21:59:02:43:31:ff:d8:05:4b:57:38:32,,178
8063,POS,1,23,8063,c1:76:22:02:19:71:01:13,19:71:01:43:31:ff:da:05:4b:57:38:32,,301
8111,POS,1,23,8111,c1:76:22:02:34:58:01:13,34:58:01:43:31:ff:d8:05:4b:57:38:32,,209
8210,POS,1,23,8210,c1:76:22:02:38:62:02:13,38:62:02:43:31:ff:d5:05:4b:57:38:32,,225
8211,POS,1,23,8211,c1:76:22:02:33:62:02:13,33:62:02:43:31:ff:d8:05:4b:57:38:32,,243
8227,POS,1,23,8227,c0:86:0a:01:12:82:09:13,12:82:09:43:30:ff:d7:05:4b:58:32:31,,226
8269,POS,1,23,8269,c1:76:22:02:19:80:01:13,19:80:01:43:31:ff:db:05:4b:57:38:32,,177
8270,POS,1,23,8270,c1:76:22:02:35:84:01:13,35:84:01:43:31:ff:d5:05:4b:57:38:32,,224
8284,POS,1,23,8284,c1:76:22:02:04:69:02:13,04:69:02:43:31:ff:d6:05:4b:57:38:32,,208
8293,POS,1,23,8293,c1:76:22:02:34:66:01:13,34:66:01:43:31:ff:d6:05:4b:57:38:32,,163
8294,POS,1,23,8294,c1:76:22:02:19:76:01:13,19:76:01:43:31:ff:d7:05:4b:57:38:32,,242
8295,POS,1,23,8295,c1:76:22:02:21:68:01:13,21:68:01:43:31:ff:da:05:4b:57:38:32,,164
8315,POS,1,23,8315,c1:76:22:02:29:68:01:13,29:68:01:43:31:ff:da:05:4b:57:38:32,,192
8330,POS,1,23,8330,c1:76:22:02:42:77:01:13,42:77:01:43:31:ff:d9:05:4b:57:38:32,,194