col0,Petal ID,Petal Loc ID,Device Loc ID,Device Type,DOTID,XPL,YPL,ZPL,X MNT,Y MNT,Z MNT,FCL Source,Proj Distance,Provenance,Notes,XFP,YFP,ZFP,LOCATION,XPIX,YPIX
1132,4,0,517,FIF,1,394.7208203,112.9109255,-18.9715954,385.295352,110.90855800000001,-104.929359,Measured,86.5,"DESI-4900, DESI-3543",,-14.644186605627617,-410.2473893461415,-18.9715954,517,3058.352,458.598
1133,4,0,517,FIF,2,394.068689,114.3696974,-18.9518119,385.295352,110.90855800000001,-104.929359,Measured,86.5,"DESI-4900, DESI-3543",,-13.055221988330992,-410.0786228398415,-18.9518119,517,3048.359,459.566
1135,4,0,517,FIF,4,393.8503668,113.3960336,-18.8808069,385.295352,110.90855800000001,-104.929359,Measured,86.5,"DESI-4900, DESI-3543",,-13.913554110735468,-409.56974982415693,-18.8808069,517,3053.792,462.491
1134,4,0,517,FIF,3,393.6295812,112.4205449,-18.8334643,385.295352,110.90855800000001,-104.929359,Measured,86.5,"DESI-4900, DESI-3543",,-14.772859372745906,-409.0579696450993,-18.8334643,517,3059.21,465.415
1136,4,0,534,FIF,1,368.7089235,176.954566,-18.9416553,359.796725,172.814776,-104.75295,Measured,86.5,"DESI-4900, DESI-3543",,54.305108503956355,-405.3279008037633,-18.9416553,534,2624.458,490.967
1138,4,0,534,FIF,3,368.2875537,175.8335652,-18.8345093,359.796725,172.814776,-104.75295,Measured,86.5,"DESI-4900, DESI-3543",,53.36949514455181,-404.580356193953,-18.8345093,534,2630.302,495.221
1139,4,0,534,FIF,4,367.7537961,176.6805397,-18.8137333,359.796725,172.814776,-104.75295,Measured,86.5,"DESI-4900, DESI-3543",,54.34005828445701,-404.33485635553075,-18.8137333,534,2624.193,496.748
1137,4,0,534,FIF,2,367.2195399,177.5262094,-18.8069141,359.796725,172.814776,-104.75295,Measured,86.5,"DESI-4900, DESI-3543",,55.30953492729112,-404.0884786622717,-18.8069141,534,2618.078,498.289
1126,4,0,482,FIF,3,404.9407639,59.9450401,-18.9787982,395.408633,58.02360600000001,-104.80295,Measured,86.5,"DESI-4900, DESI-3543",,-68.17309943678046,-403.5774752156632,-18.9787982,482,3395.421,497.961
1127,4,0,482,FIF,4,404.145013,59.3462237,-18.8610571,395.408633,58.02360600000001,-104.80295,Measured,86.5,"DESI-4900, DESI-3543",,-68.49631474620497,-402.6354919676628,-18.8610571,482,3397.54,503.448
1124,4,0,482,FIF,1,403.7960947,60.2843326,-18.851212,395.408633,58.02360600000001,-104.80295,Measured,86.5,"DESI-4900, DESI-3543",,-67.49628109120889,-402.5939591227178,-18.851212,482,3391.286,503.637
1146,4,0,542,GIF,3,357.7450619,203.5362261,-19.4336014,,,,Measured,,DESI-4900,,82.97470853502212,-403.12677633781385,-19.4336014,542,2444.131,507.059
1125,4,0,482,FIF,2,403.349686,58.751777,-18.7758103,395.408633,58.02360600000001,-104.80295,Measured,86.5,"DESI-4900, DESI-3543",,-68.81550594707257,-401.69526386057464,-18.7758103,482,3399.672,508.872
1147,4,0,542,GIF,4,357.2873097,202.6562393,-19.3098295,,,,Measured,,DESI-4900,,82.27953925865347,-402.41920759771,-19.3098295,542,2448.432,511.057
1144,4,0,542,GIF,1,356.5695186,203.3503235,-19.3105556,,,,Measured,,DESI-4900,,83.16165716208687,-401.95139893557223,-19.3105556,542,2442.886,513.885
1145,4,0,542,GIF,2,356.8282114,201.770619,-19.2339129,,,,Measured,,DESI-4900,,81.57942943210459,-401.70861573482057,-19.2339129,542,2452.766,515.079
1120,4,0,439,FIF,1,410.3247082,14.1845147,-19.0873618,400.512367,13.885295000000001,-104.91023500000001,Measured,86.5,"DESI-4900, DESI-3543",,-113.35391402386382,-394.5383085307778,-19.0873618,439,3679.972,553.945
1121,4,0,439,FIF,2,409.0714028,15.1681435,-18.9453013,400.512367,13.885295000000001,-104.91023500000001,Measured,86.5,"DESI-4900, DESI-3543",,-112.03076496998315,-393.650853392152,-18.9453013,439,3671.889,558.951
1123,4,0,439,FIF,4,409.3308775,14.2065264,-18.9610883,400.512367,13.885295000000001,-104.91023500000001,Measured,86.5,"DESI-4900, DESI-3543",,-113.02547819729483,-393.60005809351424,-18.9610883,439,3678.119,559.367
1122,4,0,439,FIF,3,409.5914236,13.2398642,-18.9917967,400.512367,13.885295000000001,-104.91023500000001,Measured,86.5,"DESI-4900, DESI-3543",,-114.02532045522432,-393.5487205985175,-18.9917967,439,3684.332,559.782
1671,5,1,439,FIF,2,410.1303974,13.4773795,-19.0625867,400.503267,13.880256,-104.914049,Measured,86.5,"DESI-4881, DESI-3543",,139.62246909844308,-385.88706248315555,-19.0625867,1439,2088.312,617.123
1673,5,1,439,FIF,4,409.5508223,14.2895198,-18.9827625,400.503267,13.880256,-104.914049,Measured,86.5,"DESI-4881, DESI-3543",,140.21565447802016,-385.08480923830075,-18.9827625,1439,2084.528,621.951
1670,5,1,439,FIF,1,408.6163796,13.9575293,-18.8826227,400.503267,13.880256,-104.914049,Measured,86.5,"DESI-4881, DESI-3543",,139.6110488457981,-384.2987730551903,-18.8826227,1439,2088.217,626.43
1672,5,1,439,FIF,3,408.9713154,15.1031265,-18.9415728,400.503267,13.880256,-104.914049,Measured,86.5,"DESI-4881, DESI-3543",,140.81025550984134,-384.282167523468,-18.9415728,1439,2080.729,626.743
3899,9,9,542,GIF,2,357.9715061,203.2995747,-19.4355714,,,,Measured,,DESI-4890,,-170.19042643604814,-374.8703501322014,-19.4355714,9542,4038.036,676.524
1129,4,0,496,FIF,2,331.7590523,186.0252569,-16.2546505,324.211274,181.976879,-102.2164,Measured,86.5,"DESI-4900, DESI-3543",,74.36345596439786,-372.99783565913157,-16.2546505,496,2496.67,682.514
3901,9,9,542,GIF,4,357.2532247,202.6086511,-19.3183831,,,,Measured,,DESI-4890,,-170.01531394646332,-373.889208344989,-19.3183831,9542,4037.164,682.266
3898,9,9,542,GIF,1,357.7128399,201.7219698,-19.3210438,,,,Measured,,DESI-4890,,-170.90827151489853,-373.4419090706603,-19.3210438,9542,4042.798,685.033
1131,4,0,496,FIF,4,330.798561,185.7600297,-16.1299359,324.211274,181.976879,-102.2164,Measured,86.5,"DESI-4900, DESI-3543",,74.40843271408374,-372.0024130870632,-16.1299359,496,2496.359,688.382
3900,9,9,542,GIF,3,356.5332318,201.920477,-19.2254597,,,,Measured,,DESI-4890,,-169.83720086440445,-372.9092853388499,-19.2254597,9542,4036.308,687.945
1128,4,0,496,FIF,1,330.7884113,184.7615127,-16.0942245,324.211274,181.976879,-102.2164,Measured,86.5,"DESI-4900, DESI-3543",,73.46205568548582,-371.68380716206923,-16.0942245,496,2502.336,690.142
1130,4,0,496,FIF,3,329.8384409,185.4959556,-16.0630625,324.211274,181.976879,-102.2164,Measured,86.5,"DESI-4900, DESI-3543",,74.45439112434367,-371.00770028366657,-16.0630625,496,2496.027,694.237
1676,5,1,482,FIF,3,405.1417623,59.1791072,-18.9789529,395.398105,58.022528,-104.80524,Measured,86.5,"DESI-4881, DESI-3543",,181.54329596385747,-367.0143660715177,-18.9789529,1482,1824.802,736.902
1674,5,1,482,FIF,1,404.638526,60.2670898,-18.9413738,395.398105,58.022528,-104.80524,Measured,86.5,"DESI-4881, DESI-3543",,182.42241125255788,-366.1994371048503,-18.9413738,1482,1819.206,741.907
1677,5,1,482,FIF,4,404.1674194,59.3877519,-18.8326128,395.398105,58.022528,-104.80524,Measured,86.5,"DESI-4881, DESI-3543",,181.44050767282437,-366.0232499003022,-18.8326128,1482,1825.297,742.732
1675,5,1,482,FIF,2,403.1985127,59.595026,-18.7331973,395.398105,58.022528,-104.80524,Measured,86.5,"DESI-4881, DESI-3543",,181.33809649071634,-365.03772735078087,-18.7331973,1482,1825.788,748.54
3892,9,9,534,FIF,3,367.3083532,177.6255044,-18.8552096,359.812661,172.809975,-104.759067,Measured,86.5,"DESI-4890, DESI-3543",,-192.83298190117608,-359.58475948130655,-18.8552096,9534,4181.857,770.402
3893,9,9,534,FIF,4,367.6864501,176.7025578,-18.8254569,359.812661,172.809975,-104.759067,Measured,86.5,"DESI-4890, DESI-3543",,-193.68129611991947,-359.0602114105647,-18.8254569,9534,4187.22,773.634
3890,9,9,534,FIF,1,366.7011039,176.5923566,-18.7327222,359.812661,172.809975,-104.759067,Measured,86.5,"DESI-4890, DESI-3543",,-192.9488235726506,-358.39197836301815,-18.7327222,9534,4182.88,777.441
3891,9,9,534,FIF,2,368.0747909,175.7780834,-18.8311694,359.812661,172.809975,-104.759067,Measured,86.5,"DESI-4890, DESI-3543",,-194.53879645734756,-358.54044736360623,-18.8311694,9534,4192.623,776.852
3884,9,9,496,FIF,3,330.4749053,186.6777351,-16.2115306,324.22677000000004,181.965844,-102.21639499999999,Measured,86.5,"DESI-4890, DESI-3543",,-157.71149906605615,-345.2624968000675,-16.2115306,9496,3966.634,849.904
1142,4,0,541,GIF,3,295.185592,208.1997939,-14.7275322,,,,Measured,,DESI-4900,,106.76614724063762,-345.08021241615575,-14.7275322,541,2290.1,852.714
1143,4,0,541,GIF,4,295.2722932,207.204935,-14.6429295,,,,Measured,,DESI-4900,,105.79328185826287,-344.8548365594907,-14.6429295,541,2296.212,853.926
3885,9,9,496,FIF,4,330.7278823,185.7104496,-16.1709345,324.22677000000004,181.965844,-102.21639499999999,Measured,86.5,"DESI-4890, DESI-3543",,-158.48463693485215,-344.62854377588286,-16.1709345,9496,3971.628,853.754
1141,4,0,541,GIF,2,295.359704,206.2095696,-14.6046741,,,,Measured,,DESI-4900,,104.81971527143159,-344.6299787633628,-14.6046741,541,2302.335,855.126
3882,9,9,496,FIF,1,329.7344108,185.7389947,-16.1014989,324.22677000000004,181.965844,-102.21639499999999,Measured,86.5,"DESI-4890, DESI-3543",,-157.66405158209747,-344.06779416786634,-16.1014989,9496,3966.618,856.959
3883,9,9,496,FIF,2,330.9884906,184.7443022,-16.1528114,324.22677000000004,181.965844,-102.21639499999999,Measured,86.5,"DESI-4890, DESI-3543",,-159.26328038720027,-343.99999635629456,-16.1528114,9496,3976.636,857.606
1140,4,0,541,GIF,1,294.2946198,207.4039401,-14.6068751,,,,Measured,,DESI-4900,,106.28502633135719,-343.98671463252725,-14.6068751,541,2293.062,859.175
3896,9,9,541,GIF,3,295.7062328,208.5471802,-14.8896448,,,,Measured,,DESI-4890,,-116.72816468170048,-342.52397180762017,-14.8896448,9541,3709.692,861.446
3897,9,9,541,GIF,4,295.5376212,207.5616256,-14.797801,,,,Measured,,DESI-4890,,-117.17093497620307,-341.6274774085625,-14.797801,9541,3712.597,866.851
3894,9,9,541,GIF,1,294.6414883,208.0047568,-14.7633569,,,,Measured,,DESI-4890,,-116.1854607645949,-341.4593702607934,-14.7633569,9541,3706.442,867.739
3895,9,9,541,GIF,2,295.3690984,206.5818936,-14.7392388,,,,Measured,,DESI-4890,,-117.6103552814308,-340.73574621515417,-14.7392388,9541,3715.533,872.219
1683,5,1,517,FIF,2,393.7164828,112.5582361,-18.939505,385.294627,110.894374,-104.92511999999999,Measured,86.5,"DESI-4881, DESI-3543",,228.7755956452532,-339.64689851270316,-18.939505,1517,1528.293,910.992
1685,5,1,517,FIF,4,393.9019411,113.5385363,-18.9696656,385.294627,110.894374,-104.92511999999999,Measured,86.5,"DESI-4881, DESI-3543",,229.7652093554267,-339.52021793883506,-18.9696656,1517,1522.231,912.017
1684,5,1,517,FIF,3,394.0874988,114.5173826,-19.0734882,385.294627,110.894374,-104.92511999999999,Measured,86.5,"DESI-4881, DESI-3543",,230.75347111363106,-339.3940813607786,-19.0734882,1517,1516.146,913.016
1682,5,1,517,FIF,1,393.0171501,113.9958065,-18.9128492,385.294627,110.894374,-104.92511999999999,Measured,86.5,"DESI-4881, DESI-3543",,229.92655213926514,-338.5374058227151,-18.9128492,1517,1521.048,917.847
3888,9,9,517,FIF,3,394.2242248,114.3614619,-19.0893139,385.301352,110.903522,-104.92762900000001,Measured,86.5,"DESI-4890, DESI-3543",,-251.78953312837422,-324.21629492848416,-19.0893139,9517,4553.358,992.01
3886,9,9,517,FIF,1,393.0556892,114.1311848,-18.9390195,385.301352,110.903522,-104.92762900000001,Measured,86.5,"DESI-4890, DESI-3543",,-250.9794099234229,-323.3432523269743,-18.9390195,9517,4548.686,997.051
3889,9,9,517,FIF,4,393.7971837,113.4611662,-18.9739447,385.301352,110.903522,-104.92762900000001,Measured,86.5,"DESI-4890, DESI-3543",,-251.9731050507129,-323.23690848899435,-18.9739447,9517,4554.704,997.893
3887,9,9,517,FIF,2,393.370364,112.5593072,-18.9136792,385.301352,110.903522,-104.92762900000001,Measured,86.5,"DESI-4890, DESI-3543",,-252.15777482915578,-322.25638730864233,-18.9136792,9517,4556.097,1003.767
1117,4,0,321,FIF,2,305.0350419,86.2320071,-11.2400532,298.922294,84.881414,-97.375489,Measured,86.5,"DESI-4900, DESI-3543",,-12.263949710209566,-316.7078896332958,-11.2400532,321,3047.816,1013.668
1119,4,0,321,FIF,4,304.059021,86.4365095,-11.1453163,298.922294,84.881414,-97.375489,Measured,86.5,"DESI-4900, DESI-3543",,-11.767489007478751,-315.84304005129525,-11.1453163,321,3044.667,1018.942
1116,4,0,321,FIF,1,303.5893937,85.5542678,-11.1190721,298.922294,84.881414,-97.375489,Measured,86.5,"DESI-4900, DESI-3543",,-12.461128218587213,-315.12348125388047,-11.1190721,321,3049.141,1023.264
1118,4,0,321,FIF,3,303.0812599,86.6396738,-11.1111947,298.922294,84.881414,-97.375489,Measured,86.5,"DESI-4900, DESI-3543",,-11.271762300339923,-314.97612163916125,-11.1111947,321,3041.566,1024.142
1692,5,1,534,FIF,3,373.5334997,168.4644814,-19.0411937,359.811679,172.810169,-104.756856,Measured,86.5,"DESI-4881, DESI-3543",,275.7038270826308,-303.1694785858693,-19.0411937,1534,1234.513,1142.333
1693,5,1,534,FIF,4,373.01094,167.6170786,-18.8626882,359.811679,172.810169,-104.756856,Measured,86.5,"DESI-4881, DESI-3543",,274.7363878336204,-302.9344861498502,-18.8626882,1534,1240.3,1143.477
1691,5,1,534,FIF,2,372.4853204,166.7697418,-18.798591,359.811679,172.810169,-104.756856,Measured,86.5,"DESI-4881, DESI-3543",,273.76806540094697,-302.69656329907775,-18.798591,1534,1246.132,1144.641
1690,5,1,534,FIF,1,372.3459608,168.3628659,-18.86875,359.811679,172.810169,-104.756856,Measured,86.5,"DESI-4881, DESI-3543",,275.24006831432496,-302.0715249649577,-18.86875,1534,1237.076,1148.809
1686,5,1,533,FIF,1,368.8394396,176.7143897,-18.955789,364.900286,163.963722,-104.843363,Measured,86.5,"DESI-4881, DESI-3543",,282.0984728332452,-296.1549441818642,-18.955789,1533,1194.258,1186.461
1688,5,1,533,FIF,3,368.2572443,175.6703027,-18.8235531,364.900286,163.963722,-104.843363,Measured,86.5,"DESI-4881, DESI-3543",,280.9255479259006,-295.92404118785635,-18.8235531,1533,1201.313,1187.538
1689,5,1,533,FIF,4,367.8535648,176.5848932,-18.8140502,364.900286,163.963722,-104.843363,Measured,86.5,"DESI-4881, DESI-3543",,281.67054212006974,-295.25739542580226,-18.8140502,1533,1196.654,1191.781
1687,5,1,533,FIF,2,367.4499691,177.5007016,-18.839687,364.900286,163.963722,-104.843363,Measured,86.5,"DESI-4881, DESI-3543",,282.41672046187176,-294.5904528519664,-18.839687,1533,1192.016,1196.018
3878,9,9,482,FIF,1,404.3205159,60.3078238,-18.9444755,395.40842000000004,58.023990000000005,-104.808825,Measured,86.5,"DESI-4890, DESI-3543",,-291.7247071356234,-286.4153324694086,-18.9444755,9482,4806.505,1227.859
3880,9,9,482,FIF,3,405.1169182,59.4174449,-19.036838,395.40842000000004,58.023990000000005,-104.808825,Measured,86.5,"DESI-4890, DESI-3543",,-292.8923294891064,-286.16296518021016,-19.036838,9482,4814.0,1230.0
3881,9,9,482,FIF,4,404.1275318,59.3266362,-18.8875266,395.40842000000004,58.023990000000005,-104.808825,Measured,86.5,"DESI-4890, DESI-3543",,-292.1451914267377,-285.50804809823677,-18.8875266,9482,4809.305,1233.381
3879,9,9,482,FIF,2,403.1467984,59.2362992,-18.7863207,395.40842000000004,58.023990000000005,-104.808825,Measured,86.5,"DESI-4890, DESI-3543",,-291.4047772285111,-284.85859787650384,-18.7863207,9482,4805.311,1236.854
1699,5,1,542,GIF,2,358.0623206,202.4162301,-19.3741748,,,,Measured,,DESI-4881,,303.20962722372826,-277.96016322169817,-19.3741748,1542,1062.746,1302.565
1701,5,1,542,GIF,4,357.079318,202.5768343,-19.2370802,,,,Measured,,DESI-4881,,303.0584745928769,-276.97566299170774,-19.2370802,1542,1063.46,1308.469
1698,5,1,542,GIF,1,356.6535655,201.6783936,-19.1704619,,,,Measured,,DESI-4881,,302.07242492288793,-276.8485137448073,-19.1704619,1542,1069.371,1308.96
1700,5,1,542,GIF,3,356.0924704,202.7376277,-19.1910846,,,,Measured,,DESI-4881,,302.90631323423315,-275.98744761839845,-19.1910846,1542,1064.152,1314.406
1668,5,1,321,FIF,3,305.0612561,86.2668956,-11.1846645,298.920938,84.884336,-97.374768,Measured,86.5,"DESI-4881, DESI-3543",,176.36487421369907,-263.4622538292804,-11.1846645,1321,1842.671,1361.378
1666,5,1,321,FIF,1,304.5897311,87.3722033,-11.1927035,298.920938,84.884336,-97.374768,Measured,86.5,"DESI-4881, DESI-3543",,177.27026930265046,-262.67212683302796,-11.1927035,1321,1836.885,1366.383
1669,5,1,321,FIF,4,304.0905295,86.504533,-11.1026576,298.920938,84.884336,-97.374768,Measured,86.5,"DESI-4881, DESI-3543",,176.29077637789206,-262.46561388599355,-11.1026576,1321,1843.023,1367.48
1667,5,1,321,FIF,2,303.1206225,86.7421565,-11.0721912,298.920938,84.884336,-97.374768,Measured,86.5,"DESI-4881, DESI-3543",,176.21691869764794,-261.46975769182177,-11.0721912,1321,1843.381,1373.613
1680,5,1,496,FIF,3,331.8397859,185.1978592,-16.1996538,324.22842,181.959171,-102.218599,Measured,86.5,"DESI-4881, DESI-3543",,278.72814850305764,-258.34509701757776,-16.1996538,1496,1207.241,1415.612
1112,4,0,239,FIF,1,216.4469154,150.2105892,-7.7392098,212.22745600000002,147.452551,-93.968055,Measured,86.5,"DESI-4900, DESI-3543",,75.98538814705805,-252.26280066555304,-7.7392098,239,2481.589,1416.355
1114,4,0,239,FIF,3,216.1586734,149.0407683,-7.6835754,212.22745600000002,147.452551,-93.968055,Measured,86.5,"DESI-4900, DESI-3543",,74.96215890954629,-251.62674538796946,-7.6835754,239,2488.092,1420.215
1678,5,1,496,FIF,1,331.3898337,186.3115456,-16.2368805,324.22842,181.959171,-102.218599,Measured,86.5,"DESI-4881, DESI-3543",,279.64818097085674,-257.57289585335616,-16.2368805,1496,1201.506,1420.546
1681,5,1,496,FIF,4,330.8742867,185.4578133,-16.1113359,324.22842,181.959171,-102.218599,Measured,86.5,"DESI-4881, DESI-3543",,278.6768902077887,-257.3465293301006,-16.1113359,1496,1207.375,1421.68
1115,4,0,239,FIF,4,215.529302,149.8200052,-7.6704836,212.22745600000002,147.452551,-93.968055,Measured,86.5,"DESI-4900, DESI-3543",,75.89789265633867,-251.2693648336951,-7.6704836,239,2482.122,1422.539
1113,4,0,239,FIF,2,214.8957638,150.5951363,-7.6932115,212.22745600000002,147.452551,-93.968055,Measured,86.5,"DESI-4900, DESI-3543",,76.83101134688872,-250.90675156533243,-7.6932115,239,2476.124,1424.876
1679,5,1,496,FIF,2,329.9105363,185.7184779,-16.065762,324.22842,181.959171,-102.218599,Measured,86.5,"DESI-4881, DESI-3543",,278.62684824033977,-256.349405130872,-16.065762,1496,1207.503,1427.78
3867,9,9,239,FIF,2,216.3975104,149.8468863,-7.7472584,212.227169,147.425269,-93.972373,Measured,86.5,"DESI-4890, DESI-3543",,-87.05720662601897,-248.4217284723807,-7.7472584,9239,3533.424,1435.49
3871,9,9,321,FIF,2,304.9108676,86.9445738,-11.2426193,298.922963,84.891334,-97.372961,Measured,86.5,"DESI-4890, DESI-3543",,-195.63921291040774,-249.54566437776148,-11.2426193,9321,4223.442,1437.194
3875,9,9,439,FIF,2,409.7667694,15.1970939,-19.079445,400.512672,13.876835,-104.919451,Measured,86.5,"DESI-4890, DESI-3543",,-322.6419872748079,-253.1172631846557,-19.079445,9439,5001.707,1436.772
3869,9,9,239,FIF,4,215.3982055,149.8291717,-7.6899775,212.227169,147.425269,-93.972373,Measured,86.5,"DESI-4890, DESI-3543",,-86.25908750412107,-247.82012232424213,-7.6899775,9239,3528.353,1439.192
3868,9,9,239,FIF,3,214.3990609,149.8069247,-7.6590788,212.227169,147.425269,-93.972373,Measured,86.5,"DESI-4890, DESI-3543",,-85.46376168914134,-247.21494325260718,-7.6590788,9239,3523.298,1442.902
3873,9,9,321,FIF,4,304.1266663,86.337977,-11.1601001,298.922963,84.891334,-97.372961,Measured,86.5,"DESI-4890, DESI-3543",,-195.3612078180363,-248.59401080355101,-11.1601001,9321,4221.883,1443.025
3877,9,9,439,FIF,4,409.3838308,14.2686524,-19.0111827,400.512672,13.876835,-104.919451,Measured,86.5,"DESI-4890, DESI-3543",,-322.87778295755334,-252.14102244268128,-19.0111827,9439,5003.404,1442.728
3874,9,9,439,FIF,1,410.1644408,13.6522252,-19.1127539,400.512672,13.876835,-104.919451,Measured,86.5,"DESI-4890, DESI-3543",,-323.87163142981296,-252.1010264530427,-19.1127539,9439,5009.34,1443.249
3866,9,9,239,FIF,1,215.1393675,148.8635891,-7.6598991,212.227169,147.425269,-93.972373,Measured,86.5,"DESI-4890, DESI-3543",,-86.61711915075571,-246.88676268954885,-7.6598991,9239,3530.785,1444.989
3870,9,9,321,FIF,1,304.4816636,85.405769,-11.1778777,298.922963,84.891334,-97.372961,Measured,86.5,"DESI-4890, DESI-3543",,-196.19627509074184,-248.0483941906007,-11.1778777,9321,4227.224,1446.489
3872,9,9,321,FIF,3,303.3300451,85.7301037,-11.1087644,298.922963,84.891334,-97.372961,Measured,86.5,"DESI-4890, DESI-3543",,-195.073904058994,-247.63402547283889,-11.1087644,9321,4220.294,1448.905
3876,9,9,439,FIF,3,409.0112736,13.3441989,-18.9741681,400.512672,13.876835,-104.919451,Measured,86.5,"DESI-4890, DESI-3543",,-323.11963447330055,-251.17410932080068,-18.9741681,9439,5005.111,1448.704
1109,4,0,150,FIF,2,242.0536985,13.4453423,-6.5259713,237.944629,13.975168,-92.831352,Measured,86.5,"DESI-4900, DESI-3543",,-61.99154973802919,-234.29603378324546,-6.5259713,150,3373.339,1523.049
1111,4,0,150,FIF,4,241.5393467,14.3035362,-6.4840054,237.944629,13.975168,-92.831352,Measured,86.5,"DESI-4900, DESI-3543",,-61.01632216960918,-234.07245888761975,-6.4840054,150,3367.074,1524.434
1110,4,0,150,FIF,3,241.026959,15.1641698,-6.4929248,237.944629,13.975168,-92.831352,Measured,86.5,"DESI-4900, DESI-3543",,-60.039382341242444,-233.85150658437084,-6.4929248,150,3360.819,1525.812
1108,4,0,150,FIF,1,240.5736684,14.0547562,-6.4680389,237.944629,13.975168,-92.831352,Measured,86.5,"DESI-4900, DESI-3543",,-60.95410039574384,-233.07719283356792,-6.4680389,150,3366.767,1530.656
1658,5,1,150,FIF,1,242.6136314,14.4198558,-6.5473998,237.948845,13.993519000000001,-92.832505,Measured,86.5,"DESI-4881, DESI-3543",,88.7319239356743,-226.28472050249727,-6.5473998,1150,2398.852,1580.51
1660,5,1,150,FIF,3,241.9777302,13.4034971,-6.4985452,237.948845,13.993519000000001,-92.832505,Measured,86.5,"DESI-4881, DESI-3543",,87.56876618826578,-225.9941703383764,-6.4985452,1150,2406.312,1582.198
1661,5,1,150,FIF,4,241.6187681,14.3366106,-6.4688019,237.948845,13.993519000000001,-92.832505,Measured,86.5,"DESI-4881, DESI-3543",,88.34520016548335,-225.3643252207953,-6.4688019,1150,2401.288,1586.242
1659,5,1,150,FIF,2,241.2597138,15.2700618,-6.496539,237.948845,13.993519000000001,-92.832505,Measured,86.5,"DESI-4881, DESI-3543",,89.12192679740893,-224.734288021586,-6.496539,1150,2396.253,1590.287
2226,6,2,439,FIF,3,410.2787575,14.8861026,-19.0846595,400.512233,13.880019,-104.91778899999998,Measured,86.5,"DESI-4889, DESI-3543",,340.6629697109612,-229.096907811987,-19.0846595,2439,828.94,1611.195
2227,6,2,439,FIF,4,409.4333717,14.3625961,-18.9569193,400.512233,13.880019,-104.91778899999998,Measured,86.5,"DESI-4889, DESI-3543",,339.6713278227029,-229.02354179917955,-18.9569193,2439,834.802,1611.381
2225,6,2,439,FIF,2,408.5865273,13.8385835,-18.8670265,400.512233,13.880019,-104.91778899999998,Measured,86.5,"DESI-4889, DESI-3543",,338.6782084179806,-228.94972790662376,-18.8670265,2439,840.679,1611.593
2224,6,2,439,FIF,1,409.168823,15.3275429,-18.9531192,400.512233,13.880019,-104.91778899999998,Measured,86.5,"DESI-4889, DESI-3543",,340.0244720521245,-228.08738075815714,-18.9531192,2439,832.533,1617.213
1696,5,1,541,GIF,3,296.3708873,208.1156085,-14.8020273,,,,Measured,,DESI-4881,,289.5582670320591,-217.5287457166284,-14.8020273,1541,1134.115,1669.938
1697,5,1,541,GIF,4,295.4701637,207.6889502,-14.6257704,,,,Measured,,DESI-4881,,288.87405495646726,-216.80404291949696,-14.6257704,1541,1138.169,1674.268
1694,5,1,541,GIF,1,295.3102696,208.6760999,-14.7319856,,,,Measured,,DESI-4881,,289.76341891677157,-216.3468095004026,-14.7319856,1541,1132.685,1677.292
1695,5,1,541,GIF,2,294.571839,207.2620428,-14.5463879,,,,Measured,,DESI-4881,,288.19034758927984,-216.08169852043343,-14.5463879,1541,1142.208,1678.571
2796,7,8,541,GIF,3,294.5852061,208.021589,-14.6455395,,,,Measured,,DESI-4845,,-294.64505609081124,-208.05255298940867,-14.6455395,8541,4844.413,1709.069
2797,7,8,541,GIF,4,295.5500667,207.7722253,-14.7019191,,,,Measured,,DESI-4845,,-295.60991327429093,-207.8031760702728,-14.7019191,8541,4850.263,1710.76
2795,7,8,541,GIF,2,296.5174544,207.5261943,-14.7952879,,,,Measured,,DESI-4845,,-296.5772976034304,-207.55713181651382,-14.7952879,8541,4856.168,1712.424
2794,7,8,541,GIF,1,295.0465466,206.9134875,-14.6132564,,,,Measured,,DESI-4845,,-295.1063814091239,-206.94444516887575,-14.6132564,8541,4847.416,1715.997
2799,7,8,542,GIF,2,357.4933261,203.5923179,-19.4247533,,,,Measured,,DESI-4845,,-357.55311540128076,-203.62242001147763,-19.4247533,8542,5222.307,1747.448
2801,7,8,542,GIF,4,357.0539216,202.6991361,-19.3040987,,,,Measured,,DESI-4845,,-357.11369866420455,-202.72924423166225,-19.3040987,8542,5219.979,1752.865
2798,7,8,542,GIF,1,357.7912342,202.0243132,-19.334971,,,,Measured,,DESI-4845,,-357.8510020186636,-202.05441123010806,-19.334971,8542,5224.454,1757.178
2800,7,8,542,GIF,3,356.6158606,201.8040863,-19.224425,,,,Measured,,DESI-4845,,-356.6756254015355,-201.83420043344032,-19.224425,8542,5217.611,1758.278
2783,7,8,496,FIF,2,,,,324.227418,181.95948,-102.21573199999999,Measured,86.5,"DESI-4845, DESI-3543",No metrology available,-0.057,-0.035,0.0,8496,5064.77,1848.487
2782,7,8,496,FIF,1,,,,324.227418,181.95948,-102.21573199999999,Measured,86.5,"DESI-4845, DESI-3543",No metrology available,-0.057,-0.035,0.0,8496,5073.781,1852.169
2229,6,2,482,FIF,2,405.0136663,58.6888991,-18.9391001,395.41075,58.013261,-104.807439,Measured,86.5,"DESI-4889, DESI-3543",,362.14952932402656,-190.56466258076645,-18.9391001,2482,694.46,1854.165
2785,7,8,496,FIF,4,,,,324.227418,181.95948,-102.21573199999999,Measured,86.5,"DESI-4845, DESI-3543",No metrology available,-0.057,-0.035,0.0,8496,5068.231,1853.774
2784,7,8,496,FIF,3,,,,324.227418,181.95948,-102.21573199999999,Measured,86.5,"DESI-4845, DESI-3543",No metrology available,-0.057,-0.035,0.0,8496,5071.627,1859.063
2231,6,2,482,FIF,4,404.2610805,59.3443562,-18.8486681,395.41075,58.013261,-104.807439,Measured,86.5,"DESI-4889, DESI-3543",,361.9259292626412,-189.5920308884746,-18.8486681,2482,695.636,1860.073
2228,6,2,482,FIF,1,403.4254625,58.8014004,-18.7592256,395.41075,58.013261,-104.807439,Measured,86.5,"DESI-4889, DESI-3543",,360.93075797422927,-189.54014110722406,-18.7592256,2482,701.484,1860.171
2230,6,2,482,FIF,3,403.5090629,59.9993255,-18.7831557,395.41075,58.013261,-104.807439,Measured,86.5,"DESI-4889, DESI-3543",,361.70250217308643,-188.62012781187423,-18.7831557,2482,696.813,1866.027
2792,7,8,534,FIF,3,366.8722373,176.7706381,-18.7423187,359.80120800000003,172.81526599999998,-104.755629,Measured,86.5,"DESI-4845, DESI-3543",,-366.931659127568,-176.80061171737984,-18.7423187,8534,5283.868,1914.913
2793,7,8,534,FIF,4,367.8579176,176.6585951,-18.8224171,359.80120800000003,172.81526599999998,-104.755629,Measured,86.5,"DESI-4845, DESI-3543",,-367.91733789242033,-176.68855521298892,-18.8224171,8534,5289.671,1915.763
2791,7,8,534,FIF,2,368.8513825,176.5471851,-18.9476863,359.80120800000003,172.81526599999998,-104.755629,Measured,86.5,"DESI-4845, DESI-3543",,-368.9108012659444,-176.5771316019443,-18.9476863,8534,5295.499,1916.603
2790,7,8,534,FIF,1,367.4865613,175.7408753,-18.7480938,359.80120800000003,172.81526599999998,-104.755629,Measured,86.5,"DESI-4845, DESI-3543",,-367.5459690191526,-175.77084050087535,-18.7480938,8534,5287.654,1921.386
1105,4,0,75,FIF,2,153.6640141,40.5402601,-2.7615808,150.93968999999998,40.80774,-89.14020699999999,Measured,86.5,"DESI-4900, DESI-3543",,-8.877310724186415,-158.62735801248323,-2.7615808,75,3033.071,2005.282
1107,4,0,75,FIF,4,153.1434603,41.3899004,-2.7071885,150.93968999999998,40.80774,-89.14020699999999,Measured,86.5,"DESI-4900, DESI-3543",,-7.908298030604804,-158.39523886687851,-2.7071885,75,3026.711,2006.789
1106,4,0,75,FIF,3,152.6224819,42.2479821,-2.7495208,150.93968999999998,40.80774,-89.14020699999999,Measured,86.5,"DESI-4900, DESI-3543",,-6.931126799068515,-158.16532783756654,-2.7495208,75,3020.388,2008.333
1104,4,0,75,FIF,1,152.1777709,41.1300469,-2.7304318,150.93968999999998,40.80774,-89.14020699999999,Measured,86.5,"DESI-4900, DESI-3543",,-7.856602920195563,-157.39653597097083,-2.7304318,75,3026.469,2013.238
1663,5,1,239,FIF,2,216.3432093,149.3566265,-7.6566567,212.22464900000003,147.425314,-93.972174,Measured,86.5,"DESI-4881, DESI-3543",,208.93748450556518,-159.5862169785437,-7.6566567,1239,1627.145,2019.022
1665,5,1,239,FIF,4,215.5206048,149.9262296,-7.6032905,212.22464900000003,147.425314,-93.972174,Measured,86.5,"DESI-4881, DESI-3543",,209.22488218050475,-158.62781808904663,-7.6032905,1239,1625.252,2025.138
1662,5,1,239,FIF,1,214.7449123,149.2987523,-7.5764629,212.22464900000003,147.425314,-93.972174,Measured,86.5,"DESI-4881, DESI-3543",,208.3883408480155,-158.0841038114995,-7.5764629,1239,1630.487,2028.481
1664,5,1,239,FIF,3,214.7008568,150.4949923,-7.6292867,212.22464900000003,147.425314,-93.972174,Measured,86.5,"DESI-4881, DESI-3543",,209.51236369303058,-157.67239557917407,-7.6292867,1239,1623.383,2031.251
3864,9,9,150,FIF,3,241.6945583,15.2472568,-6.5515217,237.94495,13.985754,-92.832146,Measured,86.5,"DESI-4890, DESI-3543",,-186.62661398170934,-154.3848526585344,-6.5515217,9150,4182.089,2035.559
3865,9,9,150,FIF,4,241.6522685,14.2494666,-6.5210916,237.94495,13.985754,-92.832146,Measured,86.5,"DESI-4890, DESI-3543",,-187.17878088376506,-153.552695568392,-6.5210916,9150,4185.706,2040.918
3862,9,9,150,FIF,1,240.7071197,14.5719612,-6.494421,237.94495,13.985754,-92.832146,Measured,86.5,"DESI-4890, DESI-3543",,-186.22454424279223,-153.25817654660315,-6.494421,9150,4179.698,2042.729
3863,9,9,150,FIF,2,241.6072153,13.2487604,-6.5277071,237.94495,13.985754,-92.832146,Measured,86.5,"DESI-4890, DESI-3543",,-187.73042562122043,-152.71655516559684,-6.5277071,9150,4189.33,2046.266
2768,7,8,239,FIF,3,215.5661254,150.7958624,-7.7208,212.22441099999998,147.42413100000002,-93.973161,Measured,86.5,"DESI-4845, DESI-3543",,-215.62519137202167,-150.82790900278997,-7.7208,8239,4365.908,2060.251
2766,7,8,239,FIF,1,214.5819652,150.1114147,-7.650977,212.22441099999998,147.42413100000002,-93.973161,Measured,86.5,"DESI-4845, DESI-3543",,-214.6410217947769,-150.1434747864294,-7.650977,8239,4359.836,2064.551
2769,7,8,239,FIF,4,215.5232509,149.7986125,-7.6671762,212.22441099999998,147.42413100000002,-93.973161,Measured,86.5,"DESI-4845, DESI-3543",,-215.58230320911392,-149.83065969028948,-7.6671762,8239,4365.83,2066.613
2767,7,8,239,FIF,2,215.4830846,148.8010035,-7.6488776,212.22441099999998,147.42413100000002,-93.973161,Measured,86.5,"DESI-4845, DESI-3543",,-215.542123241286,-148.83305124068514,-7.6488776,8239,4365.772,2072.991
2238,6,2,517,FIF,3,394.84834,113.1386593,-19.0813696,385.29312999999996,110.890628,-104.92557099999999,Measured,86.5,"DESI-4889, DESI-3543",,385.929685637274,-140.53852530893136,-19.0813696,2517,547.336,2170.09
1656,5,1,75,FIF,3,154.138236,41.0644713,-2.8019199,150.96535,40.811797,-89.144997,Measured,86.5,"DESI-4881, DESI-3543",,86.71969197371924,-133.90624872004966,-2.8019199,1075,2410.157,2170.289
2239,6,2,517,FIF,4,393.8850622,113.3898716,-18.9405931,385.29312999999996,110.890628,-104.92557099999999,Measured,86.5,"DESI-4889, DESI-3543",,385.2980258301347,-139.76909849130095,-18.9405931,2517,550.913,2174.757
1654,5,1,75,FIF,1,153.7932563,42.2141617,-2.8052619,150.96535,40.811797,-89.144997,Measured,86.5,"DESI-4881, DESI-3543",,87.70641644132417,-133.2227475610938,-2.8052619,1075,2403.778,2174.77
2236,6,2,517,FIF,1,394.3918306,114.2450109,-19.0802361,385.29312999999996,110.890628,-104.92557099999999,Measured,86.5,"DESI-4889, DESI-3543",,386.21064292915605,-139.37513470588812,-19.0802361,2517,545.548,2177.399
1657,5,1,75,FIF,4,153.1998189,41.4085944,-2.7392007,150.96535,40.811797,-89.144997,Measured,86.5,"DESI-4881, DESI-3543",,86.75685194884733,-132.90741615261177,-2.7392007,1075,2409.928,2176.742
2237,6,2,517,FIF,2,392.922888,113.640601,-18.8497661,385.29312999999996,110.890628,-104.92557099999999,Measured,86.5,"DESI-4889, DESI-3543",,384.6669750269458,-139.00071101940628,-18.8497661,2517,554.513,2179.435
1655,5,1,75,FIF,2,152.2611756,41.7541294,-2.7342297,150.96535,40.811797,-89.144997,Measured,86.5,"DESI-4881, DESI-3543",,86.79528473381065,-131.90793198470323,-2.7342297,1075,2409.671,2183.189
2213,6,2,150,FIF,2,240.933493,13.5749006,-6.495117,237.945841,13.99438,-92.832466,Measured,86.5,"DESI-4889, DESI-3543",,202.88771328990032,-130.6209382693078,-6.495117,2150,1663.578,2203.185
2214,6,2,150,FIF,3,242.4763585,14.8470797,-6.5728892,237.945841,13.99438,-92.832466,Measured,86.5,"DESI-4889, DESI-3543",,204.88368412998085,-130.49856989465442,-6.5728892,2150,1650.98,2204.24
2215,6,2,150,FIF,4,241.704792,14.2111497,-6.4990816,237.945841,13.99438,-92.832466,Measured,86.5,"DESI-4889, DESI-3543",,203.8856842821982,-130.55954638724057,-6.4990816,2150,1657.299,2203.716
2212,6,2,150,FIF,1,241.3111279,15.1299949,-6.5111389,237.945841,13.99438,-92.832466,Measured,86.5,"DESI-4889, DESI-3543",,204.1072735874215,-129.58479200535632,-6.5111389,2150,1655.829,2209.967
3859,9,9,75,FIF,2,154.1141456,41.4471177,-2.8379105,150.96278,40.807142999999996,-89.144515,Measured,86.5,"DESI-4890, DESI-3543",,-100.36881231192292,-124.11352875326953,-2.8379105,9075,3631.228,2227.343
3861,9,9,75,FIF,4,153.1166292,41.488104,-2.792984,150.96278,40.807142999999996,-89.144515,Measured,86.5,"DESI-4890, DESI-3543",,-99.53764279455085,-123.56046810700354,-2.792984,9075,3625.875,2230.923
3860,9,9,75,FIF,3,152.1195086,41.5310548,-2.7798728,150.96278,40.807142999999996,-89.144515,Measured,86.5,"DESI-4890, DESI-3543",,-98.70563901472148,-123.00922952660967,-2.7798728,9075,3620.506,2234.467
3858,9,9,75,FIF,1,152.7965628,40.542204,-2.7881533,150.96278,40.807142999999996,-89.144515,Measured,86.5,"DESI-4890, DESI-3543",,-99.83456792035392,-122.60705068526435,-2.7881533,9075,3627.871,2237.08
2788,7,8,517,FIF,3,393.6604023,114.3668738,-19.0074815,385.30443399999996,110.90323500000001,-104.923679,Measured,86.5,"DESI-4845, DESI-3543",,-393.7189691566776,-114.39648040957665,-19.0074815,8517,5453.196,2307.366
2786,7,8,517,FIF,1,392.9955071,113.3719871,-18.8874658,385.30443399999996,110.90323500000001,-104.923679,Measured,86.5,"DESI-4845, DESI-3543",,-393.05406032620544,-113.40160281912641,-18.8874658,8517,5449.528,2313.491
2789,7,8,517,FIF,4,393.9883705,113.4228136,-18.9887295,385.30443399999996,110.90323500000001,-104.923679,Measured,86.5,"DESI-4845, DESI-3543",,-394.0469244224653,-113.45241571630747,-18.9887295,8517,5455.235,2313.284
2787,7,8,517,FIF,2,394.3165881,112.4754944,-19.0097015,385.30443399999996,110.90323500000001,-104.923679,Measured,86.5,"DESI-4845, DESI-3543",,-394.3751290436027,-112.50509201962169,-19.0097015,8517,5457.322,2319.204
2222,6,2,321,FIF,3,305.0655869,86.0946354,-11.2034008,298.92245299999996,84.884141,-97.372639,Measured,86.5,"DESI-4889, DESI-3543",,297.3974092997732,-109.64583961442247,-11.2034008,2321,1073.93,2349.886
2223,6,2,321,FIF,4,304.1257027,86.4342991,-11.1274025,298.92245299999996,84.884141,-97.372639,Measured,86.5,"DESI-4889, DESI-3543",,296.8366649460304,-108.81860354880814,-11.1274025,2321,1077.313,2355.033
2220,6,2,321,FIF,1,304.7090403,87.244126,-11.2152777,298.92245299999996,84.884141,-97.372639,Measured,86.5,"DESI-4889, DESI-3543",,297.78459499174045,-108.50630402594979,-11.2152777,2321,1071.468,2357.16
2221,6,2,321,FIF,2,303.1882634,86.7723707,-11.0968393,298.92245299999996,84.884141,-97.372639,Measured,86.5,"DESI-4889, DESI-3543",,296.27696278251466,-107.99409258098129,-11.0968393,2321,1080.721,2360.219
2771,7,8,321,FIF,2,304.5870869,87.3911167,-11.2190164,298.920929,84.88764599999999,-97.37460300000001,Measured,86.5,"DESI-4845, DESI-3543",,-304.645284181255,-87.4219436690642,-11.2190164,8321,4926.484,2470.614
2773,7,8,321,FIF,4,304.1636103,86.4903053,-11.1435992,298.920929,84.88764599999999,-97.37460300000001,Measured,86.5,"DESI-4845, DESI-3543",,-304.22179523964735,-86.52113807102793,-11.1435992,8321,4923.996,2476.386
2770,7,8,321,FIF,1,304.9157298,85.8327523,-11.193551,298.920929,84.88764599999999,-97.37460300000001,Measured,86.5,"DESI-4845, DESI-3543",,-304.97390573071283,-85.86357476660889,-11.193551,8321,4928.589,2480.6
2772,7,8,321,FIF,3,303.7414127,85.5854241,-11.1121338,298.920929,84.88764599999999,-97.37460300000001,Measured,86.5,"DESI-4845, DESI-3543",,-303.79958524228084,-85.61626265546897,-11.1121338,8321,4921.535,2482.088
2240,6,2,534,FIF,1,368.4442939,176.0653274,-18.8666547,359.814522,172.80643500000002,-104.755895,Measured,86.5,"DESI-4889, DESI-3543",,401.5548175311938,-74.10965762389475,-18.8666547,2534,450.457,2588.41
2242,6,2,534,FIF,3,367.2590984,175.9221486,-18.7058192,359.814522,172.80643500000002,-104.755895,Measured,86.5,"DESI-4889, DESI-3543",,400.51180785538884,-73.52886561450853,-18.7058192,2534,456.477,2591.946
2243,6,2,534,FIF,4,367.7528637,176.7864066,-18.7973218,359.814522,172.80643500000002,-104.755895,Measured,86.5,"DESI-4889, DESI-3543",,401.4192648563424,-73.11988168637893,-18.7973218,2534,451.192,2594.613
2241,6,2,534,FIF,2,368.2468911,177.652375,-18.9450058,359.814522,172.80643500000002,-104.755895,Measured,86.5,"DESI-4889, DESI-3543",,402.3279392316343,-72.70966805735446,-18.9450058,2534,445.871,2597.308
1101,4,0,11,FIF,2,54.658954,33.227268,-0.4817528,53.445726,31.962856,-86.867834,Measured,86.5,"DESI-4900, DESI-3543",,14.8020303659669,-62.21796747195832,-0.4817528,11,2881.555,2633.16
1100,4,0,11,FIF,1,54.9915701,31.6649062,-0.4830018,53.445726,31.962856,-86.867834,Measured,86.5,"DESI-4900, DESI-3543",,13.21342144850507,-62.05084604472888,-0.4830018,11,2891.984,2634.188
1103,4,0,11,FIF,4,54.2397217,32.3211261,-0.4638826,53.445726,31.962856,-86.867834,Measured,86.5,"DESI-4900, DESI-3543",,14.070070916637317,-61.53893563998279,-0.4638826,11,2886.369,2637.591
1102,4,0,11,FIF,3,53.8188607,31.4168782,-0.4660518,53.445726,31.962856,-86.867834,Measured,86.5,"DESI-4900, DESI-3543",,13.340416465584688,-60.85894106056727,-0.4660518,11,2891.17,2641.991
2780,7,8,482,FIF,3,403.9793941,60.2715604,-18.8915641,395.404257,58.020765000000004,-104.80569,Measured,86.5,"DESI-4845, DESI-3543",,-404.03721981801056,-60.30102563837993,-18.8915641,8482,5520.546,2646.961
2778,7,8,482,FIF,1,403.1579114,59.4034557,-18.7862089,395.404257,58.020765000000004,-104.80569,Measured,86.5,"DESI-4845, DESI-3543",,-403.21572522454125,-59.4329321932589,-18.7862089,8482,5515.963,2652.371
2781,7,8,482,FIF,4,404.1491449,59.2848999,-18.8868059,395.404257,58.020765000000004,-104.80569,Measured,86.5,"DESI-4845, DESI-3543",,-404.20695710016383,-59.31436281278645,-18.8868059,8482,5521.542,2653.09
3855,9,9,11,FIF,2,54.1425145,33.4098888,-0.4976171,53.487595999999996,31.974859000000002,-86.871139,Measured,86.5,"DESI-4890, DESI-3543",,-24.20589217783059,-58.85915211971829,-0.4976171,9011,3137.574,2653.878
3854,9,9,11,FIF,1,55.1842896,32.1997072,-0.497174,53.487595999999996,31.974859000000002,-86.871139,Measured,86.5,"DESI-4890, DESI-3543",,-25.759985977844444,-58.4922361556106,-0.497174,9011,3147.821,2656.228
3857,9,9,11,FIF,4,54.2059433,32.413534,-0.4627296,53.487595999999996,31.974859000000002,-86.871139,Measured,86.5,"DESI-4890, DESI-3543",,-24.842751602367397,-58.09028530841016,-0.4627296,9011,3141.816,2658.872
2779,7,8,482,FIF,2,404.3202999,58.3000801,-18.8965344,395.404257,58.020765000000004,-104.80569,Measured,86.5,"DESI-4845, DESI-3543",,-404.3780986075357,-58.32954066795443,-18.8965344,8482,5522.687,2659.317
3856,9,9,11,FIF,3,54.2723268,31.4159142,-0.4761534,53.487595999999996,31.974859000000002,-86.871139,Measured,86.5,"DESI-4890, DESI-3543",,-25.482745068856104,-57.32213141935142,-0.4761534,9011,3146.081,2663.865
2208,6,2,75,FIF,1,153.2301769,40.5621304,-2.7664474,150.97108300000002,40.815991,-89.144407,Measured,86.5,"DESI-4889, DESI-3543",,147.7959265565403,-57.23785260414577,-2.7664474,2075,2014.431,2672.808
2209,6,2,75,FIF,2,153.9534147,41.9907822,-2.792825,150.97108300000002,40.815991,-89.144407,Measured,86.5,"DESI-4889, DESI-3543",,149.22076863723777,-56.50713793612149,-2.792825,2075,2005.272,2677.638
2211,6,2,75,FIF,4,153.0561753,41.5471618,-2.7216753,150.97108300000002,40.815991,-89.144407,Measured,86.5,"DESI-4889, DESI-3543",,148.23413086880916,-56.338663860612186,-2.7216753,2075,2011.607,2678.682
2210,6,2,75,FIF,3,152.1593378,41.1053052,-2.7368894,150.97108300000002,40.815991,-89.144407,Measured,86.5,"DESI-4889, DESI-3543",,147.2488549635629,-56.16899905309166,-2.7368894,2075,2017.94,2679.715
2248,6,2,542,GIF,1,357.661436,201.8795257,-19.3237481,,,,Measured,,DESI-4889,,408.0041329237714,-46.88743895365451,-19.3237481,2542,411.8,2760.259
2758,7,8,75,FIF,1,153.8709178,42.0679807,-2.8159717,150.96714599999999,40.806838,-89.145009,Measured,86.5,"DESI-4845, DESI-3543",,-153.92849414170573,-42.10087257372594,-2.8159717,8075,3983.817,2760.504
2759,7,8,75,FIF,2,152.2686267,42.0681699,-2.7677375,150.96714599999999,40.806838,-89.145009,Measured,86.5,"DESI-4845, DESI-3543",,-152.32620304444828,-42.10108372605901,-2.7677375,8075,3973.522,2760.543
1650,5,1,11,FIF,1,55.1867641,32.4357909,-0.5040389,53.480941,31.977239,-86.873109,Measured,86.5,"DESI-4881, DESI-3543",,47.92340214521565,-42.469408156934264,-0.5040389,1011,2664.978,2764.025
2761,7,8,75,FIF,4,153.0658885,41.4695731,-2.7712186,150.96714599999999,40.806838,-89.145009,Measured,86.5,"DESI-4845, DESI-3543",,-153.12345664324423,-41.50247600315831,-2.7712186,8075,3978.694,2764.451
2250,6,2,542,GIF,3,356.4705006,201.9959494,-19.2215463,,,,Measured,,DESI-4889,,407.1090671574805,-46.0932482467654,-19.2215463,2542,416.911,2765.115
2251,6,2,542,GIF,4,357.1380199,202.7327399,-19.3177324,,,,Measured,,DESI-4889,,408.0821734034143,-45.889516828256944,-19.3177324,2542,411.296,2766.482
1652,5,1,11,FIF,3,54.497038,31.452184,-0.4939565,53.480941,31.977239,-86.873109,Measured,86.5,"DESI-4881, DESI-3543",,46.7747521941304,-42.11754466547676,-0.4939565,1011,2672.483,2766.222
2249,6,2,542,GIF,2,357.8088883,203.4703024,-19.4529577,,,,Measured,,DESI-4889,,409.0584429168619,-45.68712935671391,-19.4529577,2542,405.709,2767.867
2760,7,8,75,FIF,3,153.8666328,40.8683655,-2.798158,150.96714599999999,40.806838,-89.145009,Measured,86.5,"DESI-4845, DESI-3543",,-153.92419270627036,-40.90125743254555,-2.798158,8075,3983.849,2768.309
1653,5,1,11,FIF,4,54.182599,32.4020024,-0.4769791,53.480941,31.977239,-86.873109,Measured,86.5,"DESI-4881, DESI-3543",,47.580836847030255,-41.524877465389835,-0.4769791,1011,2667.201,2770.108
2233,6,2,496,FIF,2,331.7629029,185.7322772,-16.25321,324.223932,181.960925,-102.21339300000001,Measured,86.5,"DESI-4889, DESI-3543",,377.56063528865866,-44.728480270993856,-16.25321,2496,589.81,2771.137
2232,6,2,496,FIF,1,330.4961465,184.7667465,-16.0843832,324.223932,181.960925,-102.21339300000001,Measured,86.5,"DESI-4889, DESI-3543",,375.96828363004255,-44.76505218488424,-16.0843832,2496,599.186,2770.769
1651,5,1,11,FIF,2,53.8738913,33.3527775,-0.5071538,53.480941,31.977239,-86.873109,Measured,86.5,"DESI-4881, DESI-3543",,48.389603134877134,-40.9373650600215,-0.5071538,1011,2661.938,2773.999
2235,6,2,496,FIF,4,330.7657897,185.7276371,-16.1409637,324.223932,181.960925,-102.21339300000001,Measured,86.5,"DESI-4889, DESI-3543",,376.7512183735882,-44.14615688855082,-16.1409637,2496,594.564,2774.72
2234,6,2,496,FIF,3,329.7689331,185.7226359,-16.0734405,324.223932,181.960925,-102.21339300000001,Measured,86.5,"DESI-4889, DESI-3543",,375.9417968091157,-43.564276467904136,-16.0734405,2496,599.298,2778.331
2755,7,8,11,FIF,2,53.6409321,33.257195,-0.4835559,53.487857,31.980452000000003,-86.866439,Measured,86.5,"DESI-4845, DESI-3543",,-53.698387738152,-33.29146008447189,-0.4835559,8011,3332.287,2820.426
2754,7,8,11,FIF,1,55.1588113,32.7210148,-0.4954773,53.487857,31.980452000000003,-86.866439,Measured,86.5,"DESI-4845, DESI-3543",,-55.21625959202457,-32.75525908868194,-0.4954773,8011,3342.219,2823.878
2757,7,8,11,FIF,4,54.190986,32.4224816,-0.4556127,53.487857,31.980452000000003,-86.866439,Measured,86.5,"DESI-4845, DESI-3543",,-54.24843020203449,-32.45673914848738,-0.4556127,8011,3335.95,2825.86
2756,7,8,11,FIF,3,54.7484196,31.591124,-0.4832915,53.487857,31.980452000000003,-86.866439,Measured,86.5,"DESI-4845, DESI-3543",,-54.80585241189272,-31.62537391139632,-0.4832915,8011,3339.619,2831.347
2775,7,8,439,FIF,2,409.0178114,15.1428574,-18.9752818,400.508599,13.884245000000002,-104.916119,Measured,86.5,"DESI-4845, DESI-3543",,-409.07501882769003,-15.172253613326767,-18.9752818,8439,5553.325,2930.589
2764,7,8,150,FIF,3,241.363015,15.2572035,-6.5257766,237.949704,13.995785999999999,-92.835431,Measured,86.5,"DESI-4845, DESI-3543",,-241.42022401003388,-15.28889668290834,-6.5257766,8150,4541.516,2933.187
2774,7,8,439,FIF,1,410.4253029,14.4023683,-19.1299003,400.508599,13.884245000000002,-104.916119,Measured,86.5,"DESI-4845, DESI-3543",,-410.4825001824205,-14.431745229932583,-19.1299003,8439,5561.471,2935.218
2777,7,8,439,FIF,4,409.4599113,14.2402491,-19.0098239,400.508599,13.884245000000002,-104.916119,Measured,86.5,"DESI-4845, DESI-3543",,-409.51710636138245,-14.269639256382101,-19.0098239,8439,5555.869,2936.233
2762,7,8,150,FIF,1,240.5993213,14.3332503,-6.4770291,237.949704,13.995785999999999,-92.835431,Measured,86.5,"DESI-4845, DESI-3543",,-240.6565176514018,-14.36495394604917,-6.4770291,8150,4536.786,2939.153
2765,7,8,150,FIF,4,241.5958833,14.2826334,-6.5126177,237.949704,13.995785999999999,-92.835431,Measured,86.5,"DESI-4845, DESI-3543",,-241.65307895782686,-14.314323392566754,-6.5126177,8150,4543.007,2939.423
2776,7,8,439,FIF,3,409.8747909,13.3400486,-19.0554179,400.508599,13.884245000000002,-104.916119,Measured,86.5,"DESI-4845, DESI-3543",,-409.9319736280657,-13.369433072371372,-19.0554179,8439,5558.348,2941.853
2763,7,8,150,FIF,2,241.8316663,13.312974,-6.5327314,237.949704,13.995785999999999,-92.835431,Measured,86.5,"DESI-4845, DESI-3543",,-241.88884867289903,-13.344660762291598,-6.5327314,8150,4544.494,2945.658
2205,6,2,11,FIF,2,55.0074689,32.1776156,-0.4736653,53.48369399999999,31.973511,-86.86979699999999,Measured,86.5,"DESI-4889, DESI-3543",,63.40309170208505,-6.288368990341339,-0.4736653,2011,2564.66,3001.841
2204,6,2,11,FIF,1,53.508413,31.615837,-0.4543179,53.48369399999999,31.973511,-86.86979699999999,Measured,86.5,"DESI-4889, DESI-3543",,61.86011896009525,-5.861755694464082,-0.4543179,2011,2574.778,3004.592
2207,6,2,11,FIF,4,54.0451456,32.4549706,-0.4297293,53.48369399999999,31.973511,-86.86979699999999,Measured,86.5,"DESI-4889, DESI-3543",,62.787570112027765,-5.498353103209168,-0.4297293,2011,2568.719,3007.006
2217,6,2,239,FIF,2,216.3634835,149.3429278,-7.6735595,212.227794,147.423155,-93.973988,Measured,86.5,"DESI-4889, DESI-3543",,262.8108929726987,-6.339583620619236,-7.6735595,2239,1285.587,3009.53
2246,6,2,541,GIF,3,295.6441166,206.5971306,-14.606529,,,,Measured,,DESI-4889,,360.60345235952315,-6.6186025711587595,-14.606529,2541,690.433,3011.759
2206,6,2,11,FIF,3,53.0842187,32.7406655,-0.470063,53.48369399999999,31.973511,-86.86979699999999,Measured,86.5,"DESI-4889, DESI-3543",,62.17808022202319,-4.7024107956190795,-0.470063,2011,2572.745,3012.193
2244,6,2,541,GIF,1,296.4358607,207.4920166,-14.7400951,,,,Measured,,DESI-4889,,361.7699840283049,-6.3599840516946236,-14.7400951,2541,683.501,3013.47
2216,6,2,239,FIF,1,214.786765,149.0785958,-7.5617432,212.227794,147.423155,-93.973988,Measured,86.5,"DESI-4889, DESI-3543",,261.3799206550534,-5.626680499150935,-7.5617432,2239,1294.482,3014.065
2219,6,2,239,FIF,4,215.4754478,149.802289,-7.5880341,212.227794,147.423155,-93.973988,Measured,86.5,"DESI-4889, DESI-3543",,262.3624504491631,-5.445984482512599,-7.5880341,2239,1288.403,3015.258
2247,6,2,541,GIF,4,295.4418811,207.5752799,-14.6328448,,,,Measured,,DESI-4889,,361.01476961833083,-5.70838646321647,-14.6328448,2541,688.003,3017.562
2218,6,2,239,FIF,3,214.5871461,150.2621495,-7.6112805,212.227794,147.423155,-93.973988,Measured,86.5,"DESI-4889, DESI-3543",,261.91408620057786,-4.551825050267012,-7.6112805,2239,1291.229,3020.96
2245,6,2,541,GIF,2,295.2392203,208.5551453,-14.7091692,,,,Measured,,DESI-4889,,361.42675147795075,-4.796532007002127,-14.7091692,2541,685.613,3023.332
42,2,7,541,GIF,3,294.4172765,207.2704567,-14.6191592,,,,Measured,,DESI-4778,,-359.9707197010308,5.295538137045361,-14.6191592,7541,5266.713,3061.335
43,2,7,541,GIF,4,295.4058657,207.3947642,-14.6968522,,,,Measured,,DESI-4778,,-360.8435019644555,5.776175299116864,-14.6968522,7541,5271.722,3064.258
14,2,7,239,FIF,3,214.5487559,149.0254739,-7.6495149,212.199508,147.40636999999998,-93.9681,Measured,86.5,"DESI-4778, DESI-3543",,-261.1201630048085,5.4569229314271075,-7.6495149,7239,4665.252,3066.25
15,2,7,239,FIF,4,215.3708632,149.5930331,-7.6903278,212.199508,147.40636999999998,-93.9681,Measured,86.5,"DESI-4778, DESI-3543",,-262.11886122897533,5.481124486418131,-7.6903278,7239,4671.421,3066.352
13,2,7,239,FIF,2,216.1920046,150.163303,-7.7439546,212.199508,147.40636999999998,-93.9681,Measured,86.5,"DESI-4778, DESI-3543",,-263.118371731295,5.502565414396634,-7.7439546,7239,4677.602,3066.454
41,2,7,541,GIF,2,296.3907978,207.5195136,-14.7999458,,,,Measured,,DESI-4778,,-361.713585675769,6.254304977883641,-14.7999458,7541,5276.814,3067.192
40,2,7,541,GIF,1,295.2514658,206.4075682,-14.6340271,,,,Measured,,DESI-4778,,-360.1382284750527,6.483977938757056,-14.6340271,7541,5267.592,3068.71
2,2,7,11,FIF,3,53.2643618,32.1206237,-0.5609685,53.473414,31.990609999999997,-86.870305,Measured,86.5,"DESI-4778, DESI-3543",,-61.923434556656275,5.205614273262131,-0.5609685,7011,3387.779,3072.832
12,2,7,239,FIF,1,215.6864945,148.6464302,-7.6786758,212.199508,147.40636999999998,-93.9681,Measured,86.5,"DESI-4778, DESI-3543",,-261.81767587773373,6.4324223115105985,-7.6786758,7239,4669.586,3072.485
3,2,7,11,FIF,4,54.2216468,32.4056477,-0.5600792,53.473414,31.990609999999997,-86.870305,Measured,86.5,"DESI-4778, DESI-3543",,-62.86537938562219,5.537838882503173,-0.5600792,7011,3393.899,3074.929
1,2,7,11,FIF,2,55.1797479,32.6946585,-0.5818985,53.473414,31.990609999999997,-86.870305,Measured,86.5,"DESI-4778, DESI-3543",,-63.81032823159239,5.867318227587883,-0.5818985,7011,3400.044,3077.03
0,2,7,11,FIF,1,54.230996,31.4109349,-0.5616727,53.473414,31.990609999999997,-86.870305,Measured,86.5,"DESI-4778, DESI-3543",,-62.28814867588875,6.347990516313234,-0.5616727,7011,3390.15,3080.259
558,3,3,150,FIF,1,241.3938517,13.3103728,-6.526635,237.942281,13.982645999999999,-92.829613,Measured,86.5,"DESI-4853, DESI-3543",,241.37773652840306,13.335530262356851,-6.526635,3150,1420.432,3135.909
571,3,3,439,FIF,2,409.1136739,13.2103325,-18.9918763,400.530875,13.886961,-104.920078,Measured,86.5,"DESI-4853, DESI-3543",,409.0975761097141,13.270895283349686,-18.9918763,3439,406.853,3138.786
559,3,3,150,FIF,2,242.6990389,14.2343081,-6.5877733,237.942281,13.982645999999999,-92.829613,Measured,86.5,"DESI-4853, DESI-3543",,242.68272865842943,14.25974106417598,-6.5877733,3150,1412.296,3141.901
561,3,3,150,FIF,4,241.7113093,14.254946,-6.5384496,237.942281,13.982645999999999,-92.829613,Measured,86.5,"DESI-4853, DESI-3543",,241.69499472381784,14.280170455974591,-6.5384496,3150,1418.585,3142.039
560,3,3,150,FIF,3,240.6997872,14.2892999,-6.5005628,237.942281,13.982645999999999,-92.829613,Measured,86.5,"DESI-4853, DESI-3543",,240.68346539431622,14.314310824918467,-6.5005628,3150,1424.815,3142.211
573,3,3,439,FIF,4,409.3871571,14.1736559,-19.0116764,400.530875,13.886961,-104.920078,Measured,86.5,"DESI-4853, DESI-3543",,409.370855947979,14.234276393641826,-19.0116764,3439,405.329,3144.819
570,3,3,439,FIF,1,408.5462539,14.7081321,-18.9341758,400.530875,13.886961,-104.920078,Measured,86.5,"DESI-4853, DESI-3543",,408.5298399398593,14.76857506875067,-18.9341758,3439,410.222,3148.143
572,3,3,439,FIF,3,409.6617153,15.1346328,-19.0572032,400.530875,13.886961,-104.920078,Measured,86.5,"DESI-4853, DESI-3543",,409.64521128156144,15.195311230916598,-19.0572032,3439,403.818,3150.832
552,3,3,11,FIF,3,55.0701593,31.9551973,-0.4863459,53.472671,31.972477,-86.876685,Measured,86.5,"DESI-4853, DESI-3543",,55.05011239478219,31.94102178840198,-0.4863459,3011,2621.042,3252.313
553,3,3,11,FIF,4,54.104192,32.2042918,-0.4726665,53.472671,31.972477,-86.876685,Measured,86.5,"DESI-4853, DESI-3543",,54.084092532954706,32.18991236908828,-0.4726665,3011,2627.383,3253.925
551,3,3,11,FIF,2,53.1354154,32.4578319,-0.4824622,53.472671,31.972477,-86.876685,Measured,86.5,"DESI-4853, DESI-3543",,53.115262432732564,32.443247956637926,-0.4824622,3011,2633.751,3255.519
550,3,3,11,FIF,1,54.6153898,33.0650842,-0.4929629,53.472671,31.972477,-86.876685,Measured,86.5,"DESI-4853, DESI-3543",,54.59510861001191,33.050812662741194,-0.4929629,3011,2624.074,3259.57
29,2,7,496,FIF,2,331.0349392,186.5861283,-16.2704318,324.226941,181.96143700000002,-102.21728,Measured,86.5,"DESI-4778, DESI-3543",,-377.43156975303793,43.55535228232501,-16.2704318,7496,5369.887,3302.523
31,2,7,496,FIF,4,330.7465064,185.6336895,-16.1950254,324.226941,181.96143700000002,-102.21728,Measured,86.5,"DESI-4778, DESI-3543",,-376.63830655906617,44.156240502338456,-16.1950254,7496,5365.235,3306.4
4954,11,6,11,FIF,1,53.3278756,32.0527243,-0.497148,53.485314,31.969797999999997,-86.867324,Measured,86.5,"DESI-4963, DESI-3543",,-46.97184727907013,40.854596740567374,-0.497148,6011,3290.029,3308.378
4956,11,6,11,FIF,3,53.7349347,33.1826002,-0.50824,53.485314,31.969797999999997,-86.867324,Measured,86.5,"DESI-4963, DESI-3543",,-48.17222910662188,40.89201502990764,-0.50824,6011,3297.828,3307.72
30,2,7,496,FIF,3,330.4561375,184.6773029,-16.1327659,324.226941,181.96143700000002,-102.21728,Measured,86.5,"DESI-4778, DESI-3543",,-375.84115627219325,44.7591839879863,-16.1327659,7496,5360.594,3310.253
554,3,3,75,FIF,1,152.4735023,40.6286114,-2.7613392,150.961769,40.806798,-89.14187199999999,Measured,86.5,"DESI-4853, DESI-3543",,152.45162228416444,40.634997345895954,-2.7613392,3075,1987.828,3311.737
28,2,7,496,FIF,1,331.5803547,185.083645,-16.2429989,324.226941,181.96143700000002,-102.21728,Measured,86.5,"DESI-4778, DESI-3543",,-376.98946107979293,45.09141024199344,-16.2429989,7496,5367.237,3312.234
4957,11,6,11,FIF,4,54.2818448,32.3467954,-0.4841,53.485314,31.969797999999997,-86.867324,Measured,86.5,"DESI-4963, DESI-3543",,-47.546703822210816,41.670730921454435,-0.4841,6011,3294.355,3313.259
555,3,3,75,FIF,2,154.0451728,40.9261609,-2.8022854,150.961769,40.806798,-89.14187199999999,Measured,86.5,"DESI-4853, DESI-3543",,154.02322993704186,40.93287861576295,-2.8022854,3075,1977.753,3313.669
47,2,7,542,GIF,4,357.1311603,202.5210186,-19.2645611,,,,Measured,,DESI-4778,,-407.909796315476,46.007125147379305,-19.2645611,7542,5547.824,3315.262
45,2,7,542,GIF,2,357.8739247,203.1837747,-19.3694792,,,,Measured,,DESI-4778,,-408.90027795400766,45.90767301956823,-19.3694792,7542,5553.416,3314.56
46,2,7,542,GIF,3,356.3868711,201.8589159,-19.1790556,,,,Measured,,DESI-4778,,-406.91846535223794,46.10515228601731,-19.1790556,7542,5542.204,3315.97
557,3,3,75,FIF,4,153.1472672,41.3608638,-2.7675414,150.961769,40.806798,-89.14187199999999,Measured,86.5,"DESI-4853, DESI-3543",,153.12523259213614,41.367391960002315,-2.7675414,3075,1983.561,3316.533
556,3,3,75,FIF,3,152.2501724,41.80722,-2.7650263,150.961769,40.806798,-89.14187199999999,Measured,86.5,"DESI-4853, DESI-3543",,152.22804358722408,41.81355877514029,-2.7650263,3075,1989.355,3319.348
4955,11,6,11,FIF,2,54.8314157,31.5104933,-0.5036366,53.485314,31.969797999999997,-86.867324,Measured,86.5,"DESI-4963, DESI-3543",,-46.921529077832375,42.45213089303274,-0.5036366,6011,3290.884,3318.835
44,2,7,542,GIF,1,357.5596891,201.6185932,-19.2543842,,,,Measured,,DESI-4778,,-407.72590942580314,46.98905902845332,-19.2543842,7542,5546.714,3321.406
4,2,7,75,FIF,1,152.9750266,42.4279904,-2.833967,150.94769,40.814488,-89.14558000000001,Measured,86.5,"DESI-4778, DESI-3543",,-148.64232355201196,55.487746035523465,-2.833967,7075,3952.809,3397.313
5,2,7,75,FIF,2,152.2229877,41.016195,-2.7956237,150.94769,40.814488,-89.14558000000001,Measured,86.5,"DESI-4778, DESI-3543",,-147.20397781873672,56.18766768124053,-2.7956237,7075,3943.556,3401.953
7,2,7,75,FIF,4,153.1282584,41.439077,-2.8186066,150.94769,40.814488,-89.14558000000001,Measured,86.5,"DESI-4778, DESI-3543",,-148.18489358998053,56.377795206674534,-2.8186066,7075,3949.885,3403.112
6,2,7,75,FIF,3,154.033759,41.8622763,-2.8542257,150.94769,40.814488,-89.14558000000001,Measured,86.5,"DESI-4778, DESI-3543",,-149.16618187602242,56.56780121657372,-2.8542257,7075,3956.179,3404.268
3306,8,4,11,FIF,3,54.0353535,31.4079313,-0.4299905,53.472115,31.977224,-86.87021800000001,Measured,86.5,"DESI-4880, DESI-3543",,25.254446197005105,57.24761866356818,-0.4299905,4011,2817.843,3417.406
3307,8,4,11,FIF,4,54.2737778,32.3796871,-0.4065542,53.472115,31.977224,-86.87021800000001,Measured,86.5,"DESI-4880, DESI-3543",,24.876321039858816,58.173997013486414,-0.4065542,4011,2820.353,3423.441
575,3,3,482,FIF,2,404.9355277,58.6153051,-18.9516733,395.428441,58.027744999999996,-104.809089,Measured,86.5,"DESI-4853, DESI-3543",,404.90984510397345,58.674984873373226,-18.9516733,3482,434.913,3424.356
3304,8,4,11,FIF,1,55.1386763,31.8800467,-0.4256849,53.472115,31.977224,-86.87021800000001,Measured,86.5,"DESI-4880, DESI-3543",,25.86973889818978,58.27797250753921,-0.4256849,4011,2813.819,3424.18
574,3,3,482,FIF,1,403.3498651,58.6898336,-18.771078,395.428441,58.027744999999996,-104.809089,Measured,86.5,"DESI-4853, DESI-3543",,403.32416680648663,58.7491786415116,-18.771078,3482,444.099,3424.953
577,3,3,482,FIF,4,404.1749828,59.2565731,-18.8555486,395.428441,58.027744999999996,-104.809089,Measured,86.5,"DESI-4853, DESI-3543",,404.149164850528,59.316092309578906,-18.8555486,3482,439.448,3428.387
3305,8,4,11,FIF,2,54.5082963,33.3523111,-0.4628364,53.472115,31.977224,-86.87021800000001,Measured,86.5,"DESI-4880, DESI-3543",,24.494525417900206,59.09878265095679,-0.4628364,4011,2822.879,3429.448
576,3,3,482,FIF,3,403.403931,59.8932611,-18.7909056,395.428441,58.027744999999996,-104.809089,Measured,86.5,"DESI-4853, DESI-3543",,403.37797866414553,59.95261752790107,-18.7909056,3482,443.95,3432.43
4405,10,5,11,FIF,2,53.5368014,31.6697368,-0.4910873,53.484669999999994,31.976609999999997,-86.86744300000001,Measured,86.5,"DESI-4892, DESI-3543",,-13.643497574621197,60.71427941645782,-0.4910873,5011,3073.116,3438.821
4404,10,5,11,FIF,1,53.596403,33.2668323,-0.51626,53.484669999999994,31.976609999999997,-86.86744300000001,Measured,86.5,"DESI-4892, DESI-3543",,-15.144037382417459,61.264412738536706,-0.51626,5011,3082.925,3442.311
4407,10,5,11,FIF,4,54.1659185,32.4456433,-0.4962441,53.484669999999994,31.976609999999997,-86.86744300000001,Measured,86.5,"DESI-4892, DESI-3543",,-14.187065771568705,61.55234435279742,-0.4962441,5011,3076.689,3444.227
4406,10,5,11,FIF,3,54.7964007,33.2230777,-0.5239084,53.484669999999994,31.976609999999997,-86.86744300000001,Measured,86.5,"DESI-4892, DESI-3543",,-14.731665344023526,62.39217966790522,-0.5239084,5011,3080.241,3449.635
37,2,7,534,FIF,2,366.8384368,177.0554878,-18.7943387,359.827161,172.810052,-104.75620500000001,Measured,86.5,"DESI-4778, DESI-3543",,-400.79109011926386,72.3139398170654,-18.7943387,7534,5505.337,3481.367
36,2,7,534,FIF,1,368.3288598,177.6152801,-18.9720501,359.827161,172.810052,-104.75620500000001,Measured,86.5,"DESI-4778, DESI-3543",,-402.3258442623534,72.7373283600582,-18.9720501,7534,5514.145,3483.825
39,2,7,534,FIF,4,367.7953128,176.7760258,-18.8676948,359.827161,172.810052,-104.75620500000001,Measured,86.5,"DESI-4778, DESI-3543",,-401.40084168393605,73.10255488045163,-18.8676948,7534,5508.839,3486.212
38,2,7,534,FIF,3,368.7519374,176.4953491,-18.9600251,359.827161,172.810052,-104.75620500000001,Measured,86.5,"DESI-4778, DESI-3543",,-402.0096757585723,73.89200475524416,-18.9600251,7534,5512.194,3490.954
566,3,3,321,FIF,1,304.1934822,85.3723868,-11.1465013,298.91916000000003,84.881159,-97.37378199999999,Measured,86.5,"DESI-4853, DESI-3543",,304.1621534822346,85.41079953303077,-11.1465013,3321,1038.038,3598.322
568,3,3,321,FIF,3,303.2174796,86.0706187,-11.0983114,298.91916000000003,84.881159,-97.37378199999999,Measured,86.5,"DESI-4853, DESI-3543",,303.18600350862454,86.10882538527801,-11.0983114,3321,1044.052,3602.78
569,3,3,321,FIF,4,304.1652679,86.3747483,-11.1462557,298.91916000000003,84.881159,-97.37378199999999,Measured,86.5,"DESI-4853, DESI-3543",,304.1337275863569,86.41315505471472,-11.1462557,3321,1038.299,3604.671
567,3,3,321,FIF,2,305.1159689,86.6812849,-11.2417998,298.91916000000003,84.881159,-97.37378199999999,Measured,86.5,"DESI-4853, DESI-3543",,305.0843638559114,86.71989233896294,-11.2417998,3321,1032.571,3606.597
18,2,7,321,FIF,3,303.4223013,87.1153571,-11.1890835,298.912107,84.886078,-97.375161,Measured,86.5,"DESI-4778, DESI-3543",,-296.6157588757768,107.78693958304505,-11.1890835,7321,4882.111,3719.351
16,2,7,321,FIF,1,303.2654182,85.9260328,-11.1571988,298.912107,84.886078,-97.375161,Measured,86.5,"DESI-4778, DESI-3543",,-295.7896450274644,108.65679043650361,-11.1571988,7321,4877.05,3724.967
19,2,7,321,FIF,4,304.1365993,86.415727,-11.2085266,298.912107,84.886078,-97.375161,Measured,86.5,"DESI-4778, DESI-3543",,-296.78226364491377,108.77283007974569,-11.2085266,7321,4883.01,3725.536
17,2,7,321,FIF,2,304.8499269,85.7161109,-11.2422065,298.912107,84.886078,-97.375161,Measured,86.5,"DESI-4778, DESI-3543",,-296.9479916568638,109.75813875135884,-11.2422065,7321,4883.967,3731.73
584,3,3,517,FIF,3,394.703474,112.8043919,-19.0817502,385.314576,110.90226899999999,-104.933128,Measured,86.5,"DESI-4853, DESI-3543",,394.66635242419534,112.86191049992034,-19.0817502,3517,502.243,3764.8
585,3,3,517,FIF,4,393.846888,113.31581,-18.9796676,385.314576,110.90226899999999,-104.933128,Measured,86.5,"DESI-4853, DESI-3543",,393.8096584839438,113.37314776493527,-18.9796676,3517,507.296,3768.082
583,3,3,517,FIF,2,392.982477,113.8263197,-18.9331342,385.314576,110.90226899999999,-104.933128,Measured,86.5,"DESI-4853, DESI-3543",,392.94513973562806,113.88347497812859,-18.9331342,3517,512.377,3771.363
582,3,3,517,FIF,1,394.5739179,113.995776,-19.1272397,385.314576,110.90226899999999,-104.933128,Measured,86.5,"DESI-4853, DESI-3543",,394.5365448282832,114.05326722434152,-19.1272397,3517,503.209,3772.24
3309,8,4,75,FIF,2,,,,150.960337,40.809175,-89.14358299999999,Measured,86.5,"DESI-4880, DESI-3543",No metrology available,-0.0104,0.0815,0.0,4075,2333.642,3844.356
3308,8,4,75,FIF,1,,,,150.960337,40.809175,-89.14358299999999,Measured,86.5,"DESI-4880, DESI-3543",No metrology available,-0.0104,0.0815,0.0,4075,2343.22,3848.474
3311,8,4,75,FIF,4,,,,150.960337,40.809175,-89.14358299999999,Measured,86.5,"DESI-4880, DESI-3543",No metrology available,-0.0104,0.0815,0.0,4075,2336.949,3849.954
3310,8,4,75,FIF,3,,,,150.960337,40.809175,-89.14358299999999,Measured,86.5,"DESI-4880, DESI-3543",No metrology available,-0.0104,0.0815,0.0,4075,2340.278,3855.544
9,2,7,150,FIF,2,241.8525105,15.2777522,-6.6011558,237.94322599999998,14.014467000000002,-92.83484200000001,Measured,86.5,"DESI-4778, DESI-3543",,-204.57650525117006,129.70169281345102,-6.6011558,7150,4308.161,3871.633
11,2,7,150,FIF,4,241.4950928,14.3436617,-6.5568533,237.94322599999998,14.014467000000002,-92.83484200000001,Measured,86.5,"DESI-4778, DESI-3543",,-203.73822495081532,130.24718214652796,-6.5568533,7150,4302.886,3875.235
10,2,7,150,FIF,3,241.1379476,13.4123971,-6.5525463,237.94322599999998,14.014467000000002,-92.83484200000001,Measured,86.5,"DESI-4778, DESI-3543",,-202.90182643656192,130.7905457213569,-6.5525463,7150,4297.544,3878.826
8,2,7,150,FIF,1,242.2889468,13.7404032,-6.6031261,237.94322599999998,14.014467000000002,-92.83484200000001,Measured,86.5,"DESI-4778, DESI-3543",,-204.02574218065206,131.20188567835615,-6.6031261,7150,4304.618,3881.311
4958,11,6,75,FIF,1,152.54557,42.3788421,-2.8052066,150.960651,40.817615,-89.145751,Measured,86.5,"DESI-4963, DESI-3543",,-87.49558784324542,132.00615208417454,-2.8052066,6075,3556.848,3898.365
4959,11,6,75,FIF,2,152.2649103,40.8028,-2.7690701,150.960651,40.817615,-89.145751,Measured,86.5,"DESI-4963, DESI-3543",,-85.91005827130684,132.2270016816041,-2.7690701,6075,3546.618,3899.945
32,2,7,517,FIF,1,393.5068305,114.1500679,-18.9785791,385.399301,110.95024,-104.858572,Measured,86.5,"DESI-4778, DESI-3543",,-385.381794695582,138.8785602236989,-18.9785791,7517,5409.387,3900.263
4961,11,6,75,FIF,4,152.9960245,41.4859022,-2.7841,150.960651,40.817615,-89.145751,Measured,86.5,"DESI-4963, DESI-3543",,-86.78588244395256,132.71082872476714,-2.7841,6075,3552.261,3902.989
34,2,7,517,FIF,3,394.6983247,114.1828824,-19.1181723,385.399301,110.95024,-104.858572,Measured,86.5,"DESI-4778, DESI-3543",,-386.36492443692066,139.55249726210775,-19.1181723,7517,5414.911,3904.214
4960,11,6,75,FIF,3,153.7244062,42.1691696,-2.8257667,150.960651,40.817615,-89.145751,Measured,86.5,"DESI-4963, DESI-3543",,-87.66101809048264,133.19200628136144,-2.8257667,6075,3557.861,3905.976
35,2,7,517,FIF,4,394.1279077,113.3676186,-19.0101997,385.399301,110.95024,-104.858572,Measured,86.5,"DESI-4778, DESI-3543",,-385.42420058935943,139.87664115007877,-19.0101997,7517,5409.497,3906.402
33,2,7,517,FIF,2,393.5568096,112.5513236,-18.9310601,385.399301,110.95024,-104.858572,Measured,86.5,"DESI-4778, DESI-3543",,-384.48231953359755,140.20121878893497,-18.9310601,7517,5404.053,3908.559
564,3,3,239,FIF,3,215.8672568,148.7906273,-7.6682425,212.21605099999996,147.428145,-93.971856,Measured,86.5,"DESI-4853, DESI-3543",,215.82254258661374,148.8103931306064,-7.6682425,3239,1594.533,4008.422
565,3,3,239,FIF,4,215.568819,149.7466486,-7.6721063,212.21605099999996,147.428145,-93.971856,Measured,86.5,"DESI-4853, DESI-3543",,215.5239029790804,149.7663514096828,-7.6721063,3239,1596.561,4014.496
562,3,3,239,FIF,1,216.5669573,149.7656524,-7.7322792,212.21605099999996,147.428145,-93.971856,Measured,86.5,"DESI-4853, DESI-3543",,216.52203724517656,149.7855659142567,-7.7322792,3239,1590.288,4014.542
563,3,3,239,FIF,2,215.2704631,150.6963107,-7.7145887,212.21605099999996,147.428145,-93.971856,Measured,86.5,"DESI-4853, DESI-3543",,215.22534661395963,150.71595050618993,-7.7145887,3239,1598.587,4020.6
3313,8,4,150,FIF,2,241.0805478,13.2691911,-6.4485265,237.94276299999999,13.984186,-92.832362,Measured,86.5,"DESI-4880, DESI-3543",,187.25627560329167,152.4858771303434,-6.4485265,4150,1775.755,4033.734
3315,8,4,150,FIF,4,241.6020942,14.1245463,-6.434591,237.94276299999999,13.984186,-92.832362,Measured,86.5,"DESI-4880, DESI-3543",,187.175632788102,153.4844460572975,-6.434591,4150,1776.397,4040.041
3312,8,4,150,FIF,1,240.9213032,14.8628494,-6.4556352,237.94276299999999,13.984186,-92.832362,Measured,86.5,"DESI-4880, DESI-3543",,186.1909336633432,153.6817668287583,-6.4556352,4150,1782.601,4041.38
3314,8,4,150,FIF,3,242.1158597,14.9802574,-6.5076106,237.94276299999999,13.984186,-92.832362,Measured,86.5,"DESI-4880, DESI-3543",,187.08848511686438,154.47873060361778,-6.5076106,4150,1777.06,4046.394
4968,11,6,239,FIF,3,214.7801967,150.4229,-7.6717716,212.228283,147.42600900000002,-93.97340600000001,Measured,86.5,"DESI-4963, DESI-3543",,-209.4953255205181,157.74971855550012,-7.6717716,6239,4337.529,4049.993
4966,11,6,239,FIF,1,214.7988892,149.2237577,-7.6285,212.228283,147.42600900000002,-93.97340600000001,Measured,86.5,"DESI-4963, DESI-3543",,-208.36083330045426,158.13858751520277,-7.6285,6239,4330.403,4052.641
4969,11,6,239,FIF,4,215.5878795,149.8348454,-7.6661762,212.228283,147.42600900000002,-93.97340600000001,Measured,86.5,"DESI-4963, DESI-3543",,-209.18608883349927,158.6997356023991,-7.6661762,6239,4335.488,4056.014
4967,11,6,239,FIF,2,216.3971278,149.2470622,-7.7065176,212.228283,147.42600900000002,-93.97340600000001,Measured,86.5,"DESI-4963, DESI-3543",,-208.8775946929794,159.65115731043397,-7.7065176,6239,4333.498,4062.078
4408,10,5,75,FIF,1,152.2181118,40.9167629,-2.7296515,150.966222,40.812768,-89.144706,Measured,86.5,"DESI-4892, DESI-3543",,8.051051105104815,157.42443954215622,-2.7296515,5075,2934.545,4067.948
4410,10,5,75,FIF,3,152.3098807,42.1163053,-2.7417114,150.966222,40.812768,-89.144706,Measured,86.5,"DESI-4892, DESI-3543",,6.938551974491335,157.88233602040128,-2.7417114,5075,2941.748,4070.824
4411,10,5,75,FIF,4,153.0621285,41.456521,-2.7374047,150.966222,40.812768,-89.144706,Measured,86.5,"DESI-4892, DESI-3543",,7.798473933154258,158.39392794776197,-2.7374047,5075,2936.184,4074.167
4409,10,5,75,FIF,2,153.8143628,40.796797,-2.7692233,150.966222,40.812768,-89.144706,Measured,86.5,"DESI-4892, DESI-3543",,8.658334371067827,158.90552566627093,-2.7692233,5075,2930.643,4077.53
588,3,3,534,FIF,3,368.6138658,176.4007048,-18.9301568,359.824472,172.817667,-104.760586,Measured,86.5,"DESI-4853, DESI-3543",,368.5633197511418,176.45271451884838,-18.9301568,3534,668.369,4163.564
589,3,3,534,FIF,4,367.6521056,176.6557922,-18.8355077,359.824472,172.817667,-104.760586,Measured,86.5,"DESI-4853, DESI-3543",,367.6015057241314,176.70759888751155,-18.8355077,3534,673.895,4165.957
587,3,3,534,FIF,2,366.688753,176.9138375,-18.7649245,359.824472,172.817667,-104.760586,Measured,86.5,"DESI-4853, DESI-3543",,366.6380986727497,176.96544081995634,-18.7649245,3534,679.49,4168.313
586,3,3,534,FIF,1,368.165744,177.5089156,-18.9441155,359.824472,172.817667,-104.760586,Measured,86.5,"DESI-4853, DESI-3543",,368.1149640200448,177.5608306965411,-18.9441155,3534,670.585,4170.721
24,2,7,482,FIF,1,403.378917,60.1515036,-18.8544788,395.456814,58.052039,-104.809831,Measured,86.5,"DESI-4778, DESI-3543",,-361.6217830437431,188.36355678456772,-18.8544788,7482,5262.502,4212.601
26,2,7,482,FIF,3,404.5705847,60.2063583,-18.9826769,395.456814,58.052039,-104.809831,Measured,86.5,"DESI-4778, DESI-3543",,-362.6180106110218,189.01976679632412,-18.9826769,7482,5268.232,4216.404
27,2,7,482,FIF,4,404.0125635,59.3795455,-18.9038053,395.456814,58.052039,-104.809831,Measured,86.5,"DESI-4778, DESI-3543",,-361.6805244458834,189.36054055715005,-18.9038053,7482,5262.665,4218.701
25,2,7,482,FIF,2,403.4551535,58.5538514,-18.8375457,395.456814,58.052039,-104.809831,Measured,86.5,"DESI-4778, DESI-3543",,-360.7441903860036,189.70076869117747,-18.8375457,7482,5257.107,4221.021
579,3,3,496,FIF,2,331.6191057,184.633307,-14.4655737,324.23751,181.974367,-102.218808,Measured,86.5,"DESI-4853, DESI-3543",,331.5668225895825,184.6775070156067,-14.4655737,3496,898.706,4222.921
581,3,3,496,FIF,4,330.9925574,185.4093991,-14.4329673,324.23751,181.974367,-102.218808,Measured,86.5,"DESI-4853, DESI-3543",,330.94011047205385,185.4534668352224,-14.4329673,3496,895.247,4227.681
580,3,3,496,FIF,3,330.3659752,186.187176,-14.424778,324.23751,181.974367,-102.218808,Measured,86.5,"DESI-4853, DESI-3543",,330.31336409886796,186.2311114476443,-14.424778,3496,891.778,4232.437
578,3,3,496,FIF,1,330.072568,185.0285566,-14.3495617,324.23751,181.974367,-102.218808,Measured,86.5,"DESI-4853, DESI-3543",,330.02020148764177,185.0724301357871,-14.3495617,3496,898.901,4232.781
594,3,3,542,GIF,1,356.4298007,201.8725782,-19.214364,,,,Measured,,DESI-4853,,356.3738778611261,201.92201531954953,-19.214364,3542,745.97,4324.111
595,3,3,542,GIF,2,357.8938458,202.5054687,-19.3626566,,,,Measured,,DESI-4853,,357.8377893265877,202.55521486243822,-19.3626566,3542,737.582,4327.608
597,3,3,542,GIF,4,356.9241503,202.7442459,-19.288544,,,,Measured,,DESI-4853,,356.86804344280466,202.79378735633887,-19.288544,3542,743.359,4329.242
596,3,3,542,GIF,3,355.9533445,202.9832818,-19.2363738,,,,Measured,,DESI-4853,,355.89718720443534,203.0326183158516,-19.2363738,3542,749.062,4330.868
590,3,3,541,GIF,1,295.2002921,206.528849,-14.6879545,,,,Measured,,DESI-4853,,295.143387695946,206.56536058909188,-14.6879545,3541,1111.0,4366.0
593,3,3,541,GIF,4,295.3785899,207.5081148,-14.7489353,,,,Measured,,DESI-4853,,295.32147877092297,207.54466400558135,-14.7489353,3541,1113.0,4369.0
591,3,3,541,GIF,2,296.3696424,207.6088594,-14.8562398,,,,Measured,,DESI-4853,,296.3125099818577,207.6456178125358,-14.8562398,3541,1119.39,4368.701
592,3,3,541,GIF,3,294.3840437,207.4096216,-14.6796569,,,,Measured,,DESI-4853,,294.32695338480005,207.44596086106378,-14.6796569,3541,1107.0,4370.0
4995,11,6,541,GIF,2,,,,,,,Measured,,DESI-4963,No metrology available,0.0106,0.0638,0.0,6541,4817.537,4403.349
4994,11,6,541,GIF,1,,,,,,,Measured,,DESI-4963,No metrology available,0.0106,0.0638,0.0,6541,4827.189,4403.083
4997,11,6,541,GIF,4,,,,,,,Measured,,DESI-4963,No metrology available,0.0106,0.0638,0.0,6541,4822.189,4406.911
4996,11,6,541,GIF,3,,,,,,,Measured,,DESI-4963,No metrology available,0.0106,0.0638,0.0,6541,4826.659,4410.316
21,2,7,439,FIF,2,409.4754916,15.200297,-19.052108,400.565341,13.911491,-104.914786,Measured,86.5,"DESI-4778, DESI-3543",,-340.1265973044028,228.3102235626671,-19.052108,7439,5127.818,4464.049
23,2,7,439,FIF,4,409.2612813,14.2228938,-19.0138835,400.565341,13.911491,-104.914786,Measured,86.5,"DESI-4778, DESI-3543",,-339.3786984621591,228.97494184116323,-19.0138835,7439,5123.255,4468.334
22,2,7,439,FIF,3,409.0467027,13.2475596,-18.9920267,400.565341,13.911491,-104.914786,Measured,86.5,"DESI-4778, DESI-3543",,-338.6317180592845,229.63776991464,-18.9920267,7439,5118.691,4472.582
20,2,7,439,FIF,1,410.1332553,13.7439469,-19.1159434,400.565341,13.911491,-104.914786,Measured,86.5,"DESI-4778, DESI-3543",,-339.80249250607693,229.87501261506677,-19.1159434,7439,5125.516,4473.665
4964,11,6,150,FIF,3,240.8094966,13.6476,-6.5062849,237.94586600000002,13.993367999999998,-92.834135,Measured,86.5,"DESI-4963, DESI-3543",,-87.4894561780851,224.82858996350242,-6.5062849,6150,3554.869,4490.856
4965,11,6,150,FIF,4,241.6003902,14.2612352,-6.5375541,237.94586600000002,13.993367999999998,-92.834135,Measured,86.5,"DESI-4963, DESI-3543",,-88.31772316255255,225.39075955325376,-6.5375541,6150,3560.158,4494.283
4962,11,6,150,FIF,1,241.9681423,13.3316199,-6.5517857,237.94586600000002,13.993367999999998,-92.834135,Measured,86.5,"DESI-4963, DESI-3543",,-87.54754914164474,226.02814341763002,-6.5517857,6150,3555.19,4498.352
4963,11,6,150,FIF,2,242.387483,14.8751452,-6.5825234,237.94586600000002,13.993367999999998,-92.834135,Measured,86.5,"DESI-4963, DESI-3543",,-89.14507523789622,225.94922988132535,-6.5825234,6150,3565.47,4497.693
4413,10,5,150,FIF,2,240.8381074,14.9212425,-6.5176201,237.954781,13.993972,-92.833391,Measured,86.5,"DESI-4892, DESI-3543",,60.15523793758745,233.6768127218585,-6.5176201,5150,2600.622,4553.85
4415,10,5,150,FIF,4,241.5859157,14.2585773,-6.5389001,237.954781,13.993972,-92.833391,Measured,86.5,"DESI-4892, DESI-3543",,61.01652818937976,234.18329226044565,-6.5389001,5150,2595.114,4557.026
4414,10,5,150,FIF,3,242.3355281,13.5980266,-6.5736926,237.954781,13.993972,-92.833391,Measured,86.5,"DESI-4892, DESI-3543",,61.87636480212266,234.69214093823808,-6.5736926,5150,2589.602,4560.186
4412,10,5,150,FIF,1,242.4316246,14.7909641,-6.5915211,237.954781,13.993972,-92.833391,Measured,86.5,"DESI-4892, DESI-3543",,60.771484494879395,235.15211259267397,-6.5915211,5150,2596.763,4563.058
3324,8,4,439,FIF,1,409.0123539,13.1479475,-18.9064726,400.521463,13.878734,-104.91623,Measured,86.5,"DESI-4880, DESI-3543",,323.20524141234023,251.0707892389855,-18.9064726,4439,956.583,4631.601
3320,8,4,321,FIF,1,303.4407262,85.7620512,-11.1101051,298.926607,84.8821,-97.373375,Measured,86.5,"DESI-4880, DESI-3543",,195.11389902991476,247.7867919719302,-11.1101051,4321,1742.0,4633.0
3326,8,4,439,FIF,3,408.5440803,14.2513835,-18.8496952,400.521463,13.878734,-104.91623,Measured,86.5,"DESI-4880, DESI-3543",,322.1779295418572,251.68843111848994,-18.8496952,4439,962.843,4635.546
3327,8,4,439,FIF,4,409.5069331,14.0157615,-18.9460114,400.521463,13.878734,-104.91623,Measured,86.5,"DESI-4880, DESI-3543",,323.09545752107636,252.0635919489373,-18.9460114,4439,957.507,4637.63
3317,8,4,239,FIF,2,,,,212.22283900000002,147.434437,-93.973688,Measured,86.5,"DESI-4880, DESI-3543",No metrology available,-0.0104,0.0815,0.0,4239,2438.187,4638.401
3321,8,4,321,FIF,2,305.03712,85.7544323,-11.219592,298.926607,84.8821,-97.373375,Measured,86.5,"DESI-4880, DESI-3543",,196.4100573246929,248.71872806801923,-11.219592,4321,1733.806,4638.556
3323,8,4,321,FIF,4,304.2442223,86.3585108,-11.1449845,298.926607,84.8821,-97.373375,Measured,86.5,"DESI-4880, DESI-3543",,195.41352533341174,248.74156635124717,-11.1449845,4321,1740.083,4638.791
3322,8,4,321,FIF,3,303.4441238,86.9628215,-11.137061,298.926607,84.8821,-97.373375,Measured,86.5,"DESI-4880, DESI-3543",,194.41103054988452,248.7603610536228,-11.137061,4321,1745.407,4638.184
3325,8,4,439,FIF,2,410.4759771,13.7825693,-19.076007,400.521463,13.878734,-104.91623,Measured,86.5,"DESI-4880, DESI-3543",,324.0165671097554,252.44435697059805,-19.076007,4439,952.131,4639.752
3319,8,4,239,FIF,4,,,,212.22283900000002,147.434437,-93.973688,Measured,86.5,"DESI-4880, DESI-3543",No metrology available,-0.0104,0.0815,0.0,4239,2433.021,4642.02
3318,8,4,239,FIF,3,,,,212.22283900000002,147.434437,-93.973688,Measured,86.5,"DESI-4880, DESI-3543",No metrology available,-0.0104,0.0815,0.0,4239,2427.873,4645.6
3316,8,4,239,FIF,1,,,,212.22283900000002,147.434437,-93.973688,Measured,86.5,"DESI-4880, DESI-3543",No metrology available,-0.0104,0.0815,0.0,4239,2435.235,4647.867
4983,11,6,496,FIF,2,329.9451147,186.2984,-16.1561509,324.224874,181.958637,-102.214182,Measured,86.5,"DESI-4963, DESI-3543",,-279.24936747939984,256.1589837117611,-16.1561509,6496,4756.384,4650.774
4418,10,5,239,FIF,3,214.6195258,150.0819789,-7.6682467,212.220089,147.423038,-93.975041,Measured,86.5,"DESI-4892, DESI-3543",,-76.49315480758293,250.5010644278874,-7.6682467,5239,3483.389,4652.818
4416,10,5,239,FIF,1,215.0814505,148.9745664,-7.6458251,212.220089,147.423038,-93.975041,Measured,86.5,"DESI-4892, DESI-3543",,-75.29720558279367,250.59823605621762,-7.6458251,5239,3475.759,4653.559
4985,11,6,496,FIF,4,330.7453402,185.6980309,-16.1777545,324.224874,181.958637,-102.214182,Measured,86.5,"DESI-4963, DESI-3543",,-278.92611302327435,257.1057204564162,-16.1777545,6496,4754.281,4656.587
4419,10,5,239,FIF,4,215.5883975,149.8346945,-7.6748059,212.220089,147.423038,-93.975041,Measured,86.5,"DESI-4892, DESI-3543",,-75.95862106184249,251.34612988109734,-7.6748059,5239,3479.829,4658.003
4982,11,6,496,FIF,1,331.5403329,186.2961,-16.282319,324.224874,181.958637,-102.214182,Measured,86.5,"DESI-4963, DESI-3543",,-279.7408465740174,257.6766051056421,-16.282319,6496,4758.75,4659.629
4984,11,6,496,FIF,3,331.5433265,185.0969,-16.2176,324.224874,181.958637,-102.214182,Measured,86.5,"DESI-4963, DESI-3543",,-278.6014412067656,258.05056367382707,-16.2176,6496,4752.105,4662.432
4417,10,5,239,FIF,2,216.556895,149.588635,-7.7275904,212.220089,147.423038,-93.975041,Measured,86.5,"DESI-4892, DESI-3543",,-75.42536790060514,252.19121789490237,-7.7275904,5239,3476.485,4663.441
4971,11,6,321,FIF,2,303.3960673,87.1217275,-11.1332781,298.920542,84.882014,-97.374794,Measured,86.5,"DESI-4963, DESI-3543",,-176.7252013270919,261.605050255024,-11.1332781,6321,4120.586,4707.149
4973,11,6,321,FIF,4,304.0417594,86.3598471,-11.1526,298.920542,84.882014,-97.374794,Measured,86.5,"DESI-4963, DESI-3543",,-176.20054122028927,262.45482187389365,-11.1526,6321,4117.239,4712.537
4970,11,6,321,FIF,1,304.952596,86.7673391,-11.2310654,298.920542,84.882014,-97.374794,Measured,86.5,"DESI-4963, DESI-3543",,-176.86990279618612,263.19484087545817,-11.2310654,6321,4121.121,4716.747
4972,11,6,321,FIF,3,304.6894248,85.5977,-11.1867183,298.920542,84.882014,-97.374794,Measured,86.5,"DESI-4963, DESI-3543",,-175.6762381754195,263.3065524589591,-11.1867183,6321,4113.818,4717.825
4998,11,6,542,GIF,1,355.9585275,202.2403588,-19.3104647,,,,Measured,,DESI-4963,,-302.45901556328783,275.96191106370026,-19.3104647,6542,4893.088,4765.503
5000,11,6,542,GIF,3,356.449309,203.3317,-19.4058126,,,,Measured,,DESI-4963,,-303.64866359963565,276.09086704523475,-19.4058126,6542,4899.926,4765.745
5001,11,6,542,GIF,4,356.932164,202.4553041,-19.3782564,,,,Measured,,DESI-4963,,-302.96471692358335,276.8212338495727,-19.3782564,6542,4895.701,4770.289
4999,11,6,542,GIF,2,357.4149924,201.5808,-19.3813429,,,,Measured,,DESI-4963,,-302.2825609480769,277.5509899114483,-19.3813429,6542,4891.48,4774.861
3329,8,4,482,FIF,2,403.2930186,59.1682224,-18.7692889,395.422555,58.021904000000006,-104.808035,Measured,86.5,"DESI-4880, DESI-3543",,291.53435217550043,284.94602020636376,-18.7692889,4482,1156.525,4844.057
3331,8,4,482,FIF,4,404.2830828,59.2305417,-18.8620982,395.422555,58.021904000000006,-104.808035,Measured,86.5,"DESI-4880, DESI-3543",,292.29881610505635,285.57824304340943,-18.8620982,4482,1152.138,4847.685
3330,8,4,482,FIF,3,405.2801588,59.2903144,-18.9970599,395.422555,58.021904000000006,-104.808035,Measured,86.5,"DESI-4880, DESI-3543",,293.07044993039517,286.2125257603695,-18.9970599,4482,1147.696,4851.338
3328,8,4,482,FIF,1,404.5029108,60.2046036,-18.9360752,395.422555,58.021904000000006,-104.808035,Measured,86.5,"DESI-4880, DESI-3543",,291.90428907754375,286.49555943330864,-18.9360752,4482,1154.761,4853.284
4991,11,6,534,FIF,2,366.6898795,176.7900066,-18.7591096,359.806902,172.809518,-104.753114,Measured,86.5,"DESI-4963, DESI-3543",,-281.5790014794991,294.0424905542126,-18.7591096,6534,4762.693,4880.268
4993,11,6,534,FIF,4,367.674385,176.6285437,-18.8353596,359.806902,172.809518,-104.753114,Measured,86.5,"DESI-4963, DESI-3543",,-281.73013594581556,295.0286344183104,-18.8353596,6534,4763.395,4886.054
4990,11,6,534,FIF,1,368.0986562,177.5321,-18.9341186,359.806902,172.809518,-104.753114,Measured,86.5,"DESI-4963, DESI-3543",,-282.7206346696186,295.15245815013776,-18.9341186,6534,4769.278,4886.485
4992,11,6,534,FIF,3,368.6563334,176.467541,-18.9346178,359.806902,172.809518,-104.753114,Measured,86.5,"DESI-4963, DESI-3543",,-281.88091668497225,296.0122042929859,-18.9346178,6534,4764.038,4891.82
4420,10,5,321,FIF,1,303.2101409,86.8976676,-11.1103497,298.919146,84.88485899999999,-97.373302,Measured,86.5,"DESI-4892, DESI-3543",,10.971215287290253,315.23543120596526,-11.1103497,5321,2922.211,5057.328
4421,10,5,321,FIF,2,303.915333,85.4636958,-11.1253445,298.919146,84.88485899999999,-97.373302,Measured,86.5,"DESI-4892, DESI-3543",,12.552907596480072,315.46307228342584,-11.1253445,5321,2912.162,5058.704
4423,10,5,321,FIF,4,304.0959434,86.4465506,-11.1447951,298.919146,84.88485899999999,-97.373302,Measured,86.5,"DESI-4892, DESI-3543",,11.673943208469357,315.9385144766314,-11.1447951,5321,2917.776,5061.568
4422,10,5,321,FIF,3,304.2827325,87.4295923,-11.1955889,298.919146,84.88485899999999,-97.373302,Measured,86.5,"DESI-4892, DESI-3543",,10.796710071685172,316.41989081126525,-11.1955889,5321,2923.369,5064.402
3337,8,4,517,FIF,2,392.8122296,113.0276441,-18.8193356,385.307358,110.902294,-104.92268200000001,Measured,86.5,"DESI-4880, DESI-3543",,251.4042786645898,322.36608760247975,-18.8193356,4517,1410.782,5077.51
3339,8,4,517,FIF,4,393.7826502,113.2444847,-18.9040819,385.307358,110.902294,-104.92268200000001,Measured,86.5,"DESI-4880, DESI-3543",,252.0620459804133,323.1117940761991,-18.9040819,4517,1407.06,5081.762
3338,8,4,517,FIF,3,394.75476,113.4668792,-19.0647797,385.307358,110.902294,-104.92268200000001,Measured,86.5,"DESI-4880, DESI-3543",,252.7179163896734,323.86298698294365,-19.0647797,4517,1403.0,5086.0
3336,8,4,517,FIF,1,393.8416847,114.242667,-18.977333,385.307358,110.902294,-104.92268200000001,Measured,86.5,"DESI-4880, DESI-3543",,251.52324296224333,323.95413859231735,-18.977333,4517,1410.537,5086.88
4987,11,6,517,FIF,2,392.9551964,113.8171862,-18.9477967,385.29416000000003,110.895917,-104.920404,Measured,86.5,"DESI-4963, DESI-3543",,-229.82571890524514,338.5064166491662,-18.9477967,6517,4437.938,5160.707
4989,11,6,517,FIF,4,393.901097,113.5054443,-19.0288948,385.29416000000003,110.895917,-104.920404,Measured,86.5,"DESI-4963, DESI-3543",,-229.82200458983638,339.5023569893258,-19.0288948,6517,4437.741,5166.583
4986,11,6,517,FIF,1,394.4605378,114.330992,-19.1229751,385.29416000000003,110.895917,-104.920404,Measured,86.5,"DESI-4963, DESI-3543",,-230.78015455116042,339.77885593199034,-19.1229751,6517,4443.49,5167.961
4988,11,6,517,FIF,3,394.8461969,113.1954,-19.1240447,385.29416000000003,110.895917,-104.920404,Measured,86.5,"DESI-4963, DESI-3543",,-229.8196567503469,340.4970105856055,-19.1240447,6517,4437.502,5172.482
3345,8,4,541,GIF,2,295.1618907,206.6020455,-14.5702376,,,,Measured,,DESI-4880,,117.40518891168087,340.6964239345011,-14.5702376,4541,2248.064,5207.462
3347,8,4,541,GIF,4,295.4349861,207.5601498,-14.642627,,,,Measured,,DESI-4880,,117.06313911907242,341.6321305586928,-14.642627,4541,2250.351,5213.069
3344,8,4,541,GIF,1,294.5902828,208.0970679,-14.6549824,,,,Measured,,DESI-4880,,116.06415591797617,341.5701848157722,-14.6549824,4541,2256.621,5212.78
3346,8,4,541,GIF,3,295.706515,208.5169733,-14.7912053,,,,Measured,,DESI-4880,,116.72057447912982,342.56588032235993,-14.7912053,4541,2252.635,5218.692
3332,8,4,496,FIF,1,330.3879962,184.6909533,-16.0333032,324.23512200000005,181.966775,-102.217952,Measured,86.5,"DESI-4880, DESI-3543",,158.7832673808649,343.6678027881776,-16.0333032,4496,1988.828,5220.523
4445,10,5,541,GIF,2,294.5715197,208.092161,-14.7122253,,,,Measured,,DESI-4892,,-106.96265261954109,344.46442036491146,-14.7122253,5541,3672.289,5222.64
3334,8,4,496,FIF,3,329.793575,185.7343605,-16.0476728,324.23512200000005,181.966775,-102.217952,Measured,86.5,"DESI-4880, DESI-3543",,157.68916158086722,344.1627448518908,-16.0476728,4496,1995.736,5223.601
3335,8,4,496,FIF,4,330.7847148,185.6074468,-16.0935423,324.23512200000005,181.966775,-102.217952,Measured,86.5,"DESI-4880, DESI-3543",,158.5656961964928,344.64248671789994,-16.0935423,4496,1990.389,5226.31
4447,10,5,541,GIF,4,295.38034,207.5069715,-14.7286453,,,,Measured,,DESI-4892,,-106.15619680694586,345.05286411832697,-14.7286453,5541,3667.224,5226.35
3333,8,4,496,FIF,2,331.7723075,185.4797674,-16.2040409,324.23512200000005,181.966775,-102.217952,Measured,86.5,"DESI-4880, DESI-3543",,159.43981072100166,345.11952462867896,-16.2040409,4496,1985.022,5229.045
4446,10,5,541,GIF,3,296.1913053,206.9232781,-14.7747107,,,,Measured,,DESI-4892,,-105.35050116332789,345.6438101673557,-14.7747107,5541,3662.091,5229.881
4444,10,5,541,GIF,1,296.1644395,208.1213393,-14.8557079,,,,Measured,,DESI-4892,,-106.4982456257519,345.9884187266371,-14.8557079,5541,3669.12,5231.615
3342,8,4,534,FIF,3,367.1542148,175.8718261,-18.6889967,359.814753,172.818861,-104.756651,Measured,86.5,"DESI-4880, DESI-3543",,193.71416037312397,358.13723779705447,-18.6889967,4534,1774.8,5300.993
3340,8,4,534,FIF,1,368.330909,175.659715,-18.8106756,359.814753,172.818861,-104.756651,Measured,86.5,"DESI-4880, DESI-3543",,194.79089675797087,358.6570830784641,-18.8106756,4534,1768.33,5303.817
3343,8,4,534,FIF,4,367.882127,176.5525067,-18.7692021,359.814753,172.818861,-104.756651,Measured,86.5,"DESI-4880, DESI-3543",,193.90313848923336,359.1157415128149,-18.7692021,4534,1773.906,5306.654
3341,8,4,534,FIF,2,368.6063155,177.234796,-18.935194,359.814753,172.818861,-104.756651,Measured,86.5,"DESI-4880, DESI-3543",,194.08815833657056,360.0933586815052,-18.935194,4534,1772.995,5312.388
4979,11,6,482,FIF,2,403.1306501,59.1564,-18.781727,395.40474900000004,58.014058,-104.80347900000001,Measured,86.5,"DESI-4963, DESI-3543",,-180.99716676050903,365.09803001601074,-18.781727,6482,4132.24,5330.43
4978,11,6,482,FIF,1,404.2551499,60.2878892,-18.9270048,395.40474900000004,58.014058,-104.80347900000001,Measured,86.5,"DESI-4963, DESI-3543",,-182.4211063723247,365.81717088664664,-18.9270048,6482,4140.744,5334.145
4981,11,6,482,FIF,4,404.1162654,59.2976197,-18.8787823,395.40474900000004,58.014058,-104.80347900000001,Measured,86.5,"DESI-4963, DESI-3543",,-181.43646871321764,365.9915591524179,-18.8787823,6482,4134.686,5335.375
4980,11,6,482,FIF,3,405.099252,59.44,-18.998254,395.40474900000004,58.014058,-104.80347900000001,Measured,86.5,"DESI-4963, DESI-3543",,-181.87606079864713,366.88222946405705,-18.998254,6482,4136.953,5340.015
4433,10,5,496,FIF,2,330.3595434,184.7337566,-16.1163454,324.22587599999997,181.95918500000002,-102.214536,Measured,86.5,"DESI-4892, DESI-3543",,-73.68982688271862,371.28450172110325,-16.1163454,5496,3460.435,5386.497
4432,10,5,496,FIF,1,330.1917804,186.3240248,-16.1735488,324.22587599999997,181.95918500000002,-102.214536,Measured,86.5,"DESI-4892, DESI-3543",,-75.25412130733113,371.6162852728753,-16.1735488,5496,3470.168,5388.222
4435,10,5,496,FIF,4,330.8722724,185.5922679,-16.1817383,324.22587599999997,181.95918500000002,-102.214536,Measured,86.5,"DESI-4892, DESI-3543",,-74.34791822660522,372.0373951151307,-16.1817383,5496,3464.461,5390.787
3350,8,4,542,GIF,3,356.3444195,202.0274774,-19.1936886,,,,Measured,,DESI-4880,,169.59765200391337,372.9481727247654,-19.1936886,4542,1927.657,5392.246
4434,10,5,496,FIF,3,331.3801602,186.447177,-16.2779235,324.22587599999997,181.95918500000002,-102.214536,Measured,86.5,"DESI-4892, DESI-3543",,-75.00407937984261,372.78457121728724,-16.2779235,5496,3468.458,5394.945
3348,8,4,542,GIF,1,357.5379214,201.9252351,-19.2768855,,,,Measured,,DESI-4880,,170.62342489044278,373.5667923643455,-19.2768855,4542,1921.432,5395.702
3351,8,4,542,GIF,4,357.0039072,202.7723117,-19.3048001,,,,Measured,,DESI-4880,,169.69356707412004,373.93837596663803,-19.3048001,4542,1927.267,5398.019
3349,8,4,542,GIF,2,357.6625229,203.5198689,-19.4714598,,,,Measured,,DESI-4880,,169.7871765099364,374.9302699534554,-19.4714598,4542,1926.908,5403.788
4976,11,6,439,FIF,3,408.4392442,14.5194497,-18.8955522,400.511128,13.879278,-104.91119199999999,Measured,86.5,"DESI-4963, DESI-3543",,-140.19425593054433,383.9596569661222,-18.8955522,6439,3875.732,5449.952
4974,11,6,439,FIF,1,408.7603364,13.364,-18.927508,400.511128,13.879278,-104.91119199999999,Measured,86.5,"DESI-4963, DESI-3543",,-139.1948939595351,384.62255956909763,-18.927508,6439,3869.513,5453.895
4977,11,6,439,FIF,4,409.3660721,14.15548,-18.9904925,400.511128,13.879278,-104.91119199999999,Measured,86.5,"DESI-4963, DESI-3543",,-140.13497529859913,384.95362361818496,-18.9904925,6439,3875.256,5455.605
4975,11,6,439,FIF,2,410.2913686,13.7942,-19.1027224,400.511128,13.879278,-104.91119199999999,Measured,86.5,"DESI-4963, DESI-3543",,-140.07777841382267,385.9453016746549,-19.1027224,6439,3874.776,5461.326
4425,10,5,439,FIF,2,408.8251567,15.0968282,-18.9427123,400.507487,13.882634,-104.913789,Measured,86.5,"DESI-4892, DESI-3543",,111.89049104196663,393.4990362988207,-18.9427123,5439,2291.097,5519.413
4427,10,5,439,FIF,4,409.4245628,14.3008864,-18.9966485,400.507487,13.882634,-104.913789,Measured,86.5,"DESI-4892, DESI-3543",,112.83268589079132,393.8231965810156,-18.9966485,5439,2285.247,5521.251
4426,10,5,439,FIF,3,410.025275,13.5003502,-19.0648396,400.507487,13.882634,-104.913789,Measured,86.5,"DESI-4892, DESI-3543",,113.77965389032809,394.14717954753183,-19.0648396,5439,2279.408,5522.999
4424,10,5,439,FIF,1,410.3507246,14.6533774,-19.132447,400.507487,13.882634,-104.913789,Measured,86.5,"DESI-4892, DESI-3543",,112.78359345519786,394.8129518627028,-19.132447,5439,2285.707,5526.913
4448,10,5,542,GIF,1,355.786177,202.4871952,-19.2507157,,,,Measured,,DESI-4892,,-82.7186863949407,400.95229527339114,-19.2507157,5542,3515.35,5559.146
4450,10,5,542,GIF,3,356.1560721,203.6296976,-19.3600394,,,,Measured,,DESI-4892,,-83.69100483718205,401.6570867077085,-19.3600394,5542,3521.29,5562.765
4451,10,5,542,GIF,4,356.7325816,202.8121315,-19.3259339,,,,Measured,,DESI-4892,,-82.73531796268831,401.95278947972776,-19.3259339,5542,3515.335,5564.57
4449,10,5,542,GIF,2,357.308205,201.9950274,-19.322604,,,,Measured,,DESI-4892,,-81.7803442585623,402.24779224800653,-19.322604,5542,3509.341,5566.45
4428,10,5,482,FIF,1,403.2525984,59.6303713,-18.7889346,395.405269,58.023044999999996,-104.805984,Measured,86.5,"DESI-4892, DESI-3543",,67.81410377256354,401.9584660859906,-18.7889346,5482,2568.389,5571.87
4429,10,5,482,FIF,2,404.2755433,58.4051111,-18.8723069,395.405269,58.023044999999996,-104.805984,Measured,86.5,"DESI-4892, DESI-3543",,69.295470819433,402.552798062742,-18.8723069,5482,2559.194,5575.044
4431,10,5,482,FIF,4,404.2220924,59.4025122,-18.8804898,395.405269,58.023044999999996,-104.805984,Measured,86.5,"DESI-4892, DESI-3543",,68.33035490627177,402.81012514478925,-18.8804898,5482,2565.274,5576.593
4430,10,5,482,FIF,3,404.1653926,60.4012911,-18.8994977,395.405269,58.023044999999996,-104.805984,Measured,86.5,"DESI-4892, DESI-3543",,67.36292480562389,403.0647879782882,-18.8994977,5482,2571.344,5578.093
4441,10,5,534,FIF,2,367.0645189,177.4544535,-18.8013837,359.809584,172.807949,-104.754311,Measured,86.5,"DESI-4892, DESI-3543",,-55.426096090603735,403.944563227941,-18.8013837,5534,3343.907,5579.434
4443,10,5,534,FIF,4,367.7374694,176.719347,-18.8157118,359.809584,172.807949,-104.754311,Measured,86.5,"DESI-4892, DESI-3543",,-54.51903736057584,404.3574656402283,-18.8157118,5534,3338.217,5581.911
4442,10,5,534,FIF,3,368.4109464,175.9800323,-18.857059,359.809584,172.807949,-104.754311,Measured,86.5,"DESI-4892, DESI-3543",,-53.60781365400369,404.76956860278256,-18.857059,5534,3332.462,5584.381
4440,10,5,534,FIF,1,368.6286159,177.158131,-18.9562825,359.809584,172.807949,-104.754311,Measured,86.5,"DESI-4892, DESI-3543",,-54.6610192813652,405.3405803930864,-18.9562825,5534,3339.003,5587.346
4437,10,5,517,FIF,2,393.0296881,112.9773657,-18.9279682,385.29863,110.89198799999998,-104.923529,Measured,86.5,"DESI-4892, DESI-3543",,13.918679951759518,408.7181256699776,-18.9279682,5517,2907.815,5611.56
4439,10,5,517,FIF,4,393.9115257,113.434382,-19.0258306,385.29863,110.89198799999998,-104.923529,Measured,86.5,"DESI-4892, DESI-3543",,13.756481648366393,409.6980201345073,-19.0258306,5517,2908.905,5617.157
4436,10,5,517,FIF,1,393.7223033,114.4156508,-19.0526352,385.29863,110.89198799999998,-104.923529,Measured,86.5,"DESI-4892, DESI-3543",,12.764759986752157,409.8212342586988,-19.0526352,5517,2915.092,5617.867
4438,10,5,517,FIF,3,394.7974859,113.8914367,-19.1530692,385.29863,110.89198799999998,-104.923529,Measured,86.5,"DESI-4892, DESI-3543",,13.59552056604527,410.6818473575267,-19.1530692,5517,2909.92,5622.694
