device_location_id,device_type,X,Y,Z,Q,R,S,FLAT_X,FLAT_Y
0,POS,28.134375,5.201437,-0.082419,10.474479,0.252067,-10.474479,28.13453064,5.201465775
1,POS,38.551296,5.201448,-0.152664,7.684102,0.34304,-7.684102,38.55169237,5.201501479
2,POS,33.343493,14.253354,-0.132583,23.14527,0.319697,-23.14527,33.34379089,14.25348134
3,POS,48.968106,5.201461,-0.245266,6.063302,0.434737,-6.063302,48.96891771,5.201547221
4,POS,43.760371,14.255653,-0.214058,18.043862,0.406151,-18.043862,43.76100335,14.255859
5,POS,59.38481,5.20148,-0.360537,5.005728,0.52714,-5.005728,59.38626411,5.201607365
6,POS,54.177144,14.256291,-0.318053,14.74272,0.495072,-14.74272,54.17831262,14.25659851
7,POS,48.967142,23.345351,-0.298069,25.489726,0.479257,-25.489726,48.96813058,23.34582231
8,POS,69.800289,5.201506,-0.498824,4.261795,0.620367,-4.261795,69.80266477,5.201683042
9,POS,64.592763,14.249463,-0.444873,12.440458,0.585716,-12.440458,64.59472035,14.2498948
10,POS,59.383858,23.337718,-0.413611,21.454711,0.564695,-21.454711,59.38552886,23.33837464
11,FIF,54.182759,32.395574,-0.404797,30.874971,0.558629,-30.874971,54.18425056,32.39646579
12,POS,80.215689,5.20154,-0.660539,3.710118,0.714589,-3.710118,80.21932482,5.201775763
13,POS,75.008287,14.241437,-0.594928,10.750493,0.677869,-10.750493,75.01134201,14.24201704
14,POS,69.800405,23.299254,-0.552079,18.45892,0.652831,-18.45892,69.80303924,23.30013331
15,POS,64.599448,32.359504,-0.531959,26.607453,0.640752,-26.607453,64.6017958,32.36068007
16,POS,90.630976,5.201583,-0.846101,3.284773,0.809963,-3.284773,90.63626867,5.201886762
17,POS,85.423703,14.236912,-0.768639,9.46208,0.77149,-9.46208,85.4282244,14.23766555
18,POS,80.215599,23.295915,-0.714161,16.194157,0.743325,-16.194157,80.21953695,23.29705865
19,POS,75.016034,32.323704,-0.682426,23.310756,0.726448,-23.310756,75.01954903,32.32521859
20,POS,69.786205,41.395803,-0.673227,30.675584,0.721486,-30.675584,69.78943016,41.3977161
21,POS,101.046105,5.201632,-1.055932,2.94686,0.906614,-2.94686,101.0535153,5.202013466
22,POS,95.83898,14.237022,-0.966431,8.44958,0.866593,-8.44958,95.84539591,14.23797509
23,POS,90.630637,23.299708,-0.900149,14.417623,0.835835,-14.417623,90.63627712,23.30115799
24,POS,85.432557,32.329622,-0.856874,20.727782,0.81518,-20.727782,85.43761134,32.33153468
25,POS,80.200656,41.35938,-0.835814,27.280102,0.804952,-27.280102,80.20528135,41.36176529
26,POS,111.461023,5.201688,-1.290443,2.671954,1.004652,-2.671954,111.4710782,5.202157258
27,POS,106.254079,14.235969,-1.1887,7.63107,0.96321,-7.63107,106.2628839,14.23714869
28,POS,101.045606,23.296309,-1.110389,12.982822,0.930201,-12.982822,101.053411,23.29810846
29,POS,95.848134,32.326855,-1.055354,18.63779,0.90636,-18.63779,95.85515912,32.32922437
30,POS,90.61498,41.368525,-1.022718,24.538156,0.891952,-24.538156,90.62141064,41.37146078
31,POS,85.361306,50.431334,-1.012965,30.574531,0.887605,-30.574531,85.36730423,50.43487774
32,POS,121.875677,5.201751,-1.550013,2.443946,1.104193,-2.443946,121.8889703,5.20231837
33,POS,116.668954,14.238986,-1.435858,6.958312,1.061409,-6.958312,116.6807092,14.24042067
34,POS,111.460452,23.297031,-1.345338,11.805777,1.026398,-11.805777,111.4709497,23.29922519
35,POS,106.263304,32.326987,-1.278351,16.920595,0.999806,-16.920595,106.2727974,32.32987505
36,POS,101.029161,41.3666,-1.233845,22.266748,0.981789,-22.266748,101.0378617,41.37016251
37,POS,95.776854,50.441734,-1.212562,27.773934,0.973069,-27.773934,95.78495541,50.44600068
38,NON,90.539726,59.56898,-1.215569,33.342196,0.974305,-33.342196,90.54740406,59.57403164
39,POS,132.29002,5.20182,-1.834975,2.251786,1.205388,-2.251786,132.3072169,5.202496207
40,POS,127.083563,14.242436,-1.708249,6.394537,1.161285,-6.394537,127.0988973,14.24415454
41,POS,121.875109,23.312745,-1.60542,10.828949,1.12446,-10.828949,121.8888962,23.31538227
42,POS,116.677631,32.34581,-1.526342,15.494637,1.095439,-15.494637,116.6901559,32.34928221
43,POS,111.443232,41.368033,-1.469701,20.365064,1.074245,-20.365064,111.4547352,41.37230301
44,POS,106.192152,50.442824,-1.436591,25.408401,1.061688,-25.408401,106.2028572,50.44790914
45,POS,100.955815,59.573706,-1.428027,30.54472,1.058419,-30.54472,100.9659292,59.57967438
46,POS,142.704022,5.201895,-2.1456,2.087641,1.308433,-2.087641,142.7258545,5.202690846
47,POS,137.497877,14.241743,-2.006158,5.91349,1.262986,-5.91349,137.5174901,14.24377449
48,POS,132.289546,23.328109,-1.890884,10.000795,1.224435,-10.000795,132.3072879,23.33123763
49,POS,127.093215,32.371519,-1.799643,14.289783,1.193225,-14.289783,127.1094048,32.37564266
50,POS,121.857174,41.401574,-1.730894,18.765445,1.169265,-18.765445,121.8720808,41.40663865
51,POS,116.60719,50.44464,-1.68551,23.393462,1.153226,-23.393462,116.6210662,50.45064288
52,POS,111.371701,59.574862,-1.665163,28.143182,1.145975,-28.143182,111.3847878,59.58186236
53,POS,106.147709,68.622231,-1.667694,32.881807,1.146879,-32.881807,106.1602017,68.63030725
54,POS,153.117665,5.201978,-2.482086,1.945803,1.413569,-1.945803,153.1449374,5.202904544
55,POS,147.911879,14.235958,-2.329817,5.497568,1.366717,-5.497568,147.9365395,14.23833148
56,POS,142.703742,23.330238,-2.201928,9.284986,1.326455,-9.284986,142.7261733,23.33390523
57,POS,137.506269,32.376499,-2.098242,13.249238,1.293135,-13.249238,137.5268227,32.38133847
58,POS,132.27112,41.413641,-2.017254,17.385162,1.266648,-17.385162,132.2900965,41.41958247
59,POS,127.021981,50.454549,-1.959713,21.663528,1.247566,-21.663528,127.0396629,50.46157244
60,POS,121.787408,59.563824,-1.927184,26.062347,1.236677,-26.062347,121.8040685,59.5719723
61,POS,116.563412,68.623975,-1.918115,30.486451,1.233627,-30.486451,116.5792795,68.63331664
62,POS,163.530944,5.202069,-2.844554,1.822017,1.521066,-1.822017,163.5645281,5.203137342
63,POS,158.325567,14.241167,-2.679433,5.139845,1.47274,-5.139845,158.3561122,14.2439145
64,POS,153.11766,23.321177,-2.538751,8.660099,1.430729,-8.660099,153.1455828,23.32542989
65,POS,147.918667,32.352849,-2.422347,12.337476,1.39532,-12.337476,147.9443516,32.35846675
66,POS,142.685037,41.4159,-2.329129,16.185952,1.366503,-16.185952,142.7088188,41.42280292
67,POS,137.436514,50.486772,-2.25962,20.170613,1.344727,-20.170613,137.4587079,50.49492485
68,POS,132.202886,59.588974,-2.214985,24.262939,1.330607,-24.262939,132.2237951,59.59839855
69,POS,126.978911,68.612156,-2.193495,28.384256,1.323769,-28.384256,126.9987908,68.62289789
70,POS,121.778363,77.68771,-2.197208,32.535573,1.324952,-32.535573,121.7974623,77.69989425
71,POS,173.94387,5.202169,-3.233037,1.713044,1.631208,-1.713044,173.9847029,5.203390196
72,POS,168.738956,14.240451,-3.055031,4.823954,1.581307,-4.823954,168.7762924,14.24360194
73,POS,163.531281,23.302369,-2.901472,8.10976,1.537499,-8.10976,163.5655673,23.30725463
74,POS,158.3308,32.347757,-2.772446,11.546901,1.500085,-11.546901,158.3624554,32.35422436
75,FIF,153.098887,41.393265,-2.666555,15.129304,1.468928,-15.129304,153.1282758,41.40121082
76,POS,147.850932,50.487573,-2.584842,18.853814,1.444583,-18.853814,147.8784058,50.49695464
77,POS,142.61818,59.59696,-2.528094,22.678963,1.427512,-22.678963,142.6440742,59.60778062
78,POS,137.394166,68.637151,-2.494814,26.545054,1.417436,-26.545054,137.4187689,68.64944174
79,POS,132.194081,77.680593,-2.486192,30.439575,1.414817,-30.439575,132.2176673,77.69445292
80,POS,184.356463,5.202278,-3.647476,1.616377,1.744286,-1.616377,184.4055454,5.203663035
81,POS,179.15207,14.237881,-3.456608,4.543958,1.692702,-4.543958,179.1971661,14.24146495
82,POS,173.944624,23.313286,-3.290323,7.633693,1.647084,-7.633693,173.9862128,23.31886002
83,POS,168.742846,32.358998,-3.148597,10.855548,1.607648,-10.855548,168.781378,32.3663871
84,POS,163.512702,41.389721,-3.030031,14.204823,1.574225,-14.204823,163.5485728,41.39880091
85,POS,158.265131,50.453724,-2.93546,17.681887,1.54726,-17.681887,158.2987194,50.46443171
86,POS,153.033251,59.588635,-2.866668,21.275122,1.527464,-21.275122,153.0649345,59.60097205
87,POS,147.809242,68.640326,-2.821366,24.909427,1.514339,-24.909427,147.8393385,68.65430234
88,POS,142.609571,77.685414,-2.800809,28.578983,1.50836,-28.578983,142.6383879,77.70111179
89,POS,137.409794,86.716472,-2.803969,32.255174,1.50928,-32.255174,137.4375929,86.73401534
90,POS,194.768763,5.202397,-4.087734,1.530043,1.860603,-1.530043,194.8271531,5.203956636
91,POS,189.564948,14.231336,-3.884058,4.293351,1.807212,-4.293351,189.6188329,14.23538134
92,POS,184.357651,23.28041,-3.70486,7.197131,1.759647,-7.197131,184.4075392,23.28670981
93,POS,179.154623,32.342155,-3.550453,10.23319,1.718163,-10.23319,179.2009979,32.35052689
94,POS,173.926432,41.409409,-3.419611,13.391985,1.682609,-13.391985,173.9697237,41.41971614
95,POS,168.679209,50.459776,-3.312354,16.654364,1.653167,-16.654364,168.7198204,50.47192476
96,POS,163.448048,59.556355,-3.230675,20.020467,1.630552,-20.020467,163.4863878,59.57032505
97,POS,158.224107,68.634312,-3.173432,23.450192,1.614598,-23.450192,158.2605349,68.65011366
98,POS,153.024816,77.664324,-3.140525,26.909053,1.605386,-26.909053,153.0596655,77.68201108
99,POS,147.825218,86.706198,-3.131882,30.393558,1.602961,-30.393558,147.8587867,86.72588757
100,POS,142.616722,95.751246,-3.147111,33.876962,1.607232,-33.876962,142.6492722,95.77309981
101,POS,205.180829,5.202527,-4.553598,1.45247,1.980479,-1.45247,205.2496414,5.204271795
102,POS,199.977654,14.228149,-4.337229,4.069662,1.925153,-4.069662,200.0414159,14.23268557
103,POS,194.770456,23.256961,-4.145219,6.809279,1.875554,-6.809279,194.8297013,23.2640353
104,POS,189.566012,32.30785,-3.977977,9.672022,1.831915,-9.672022,189.6212553,32.31726515
105,POS,184.340094,41.387352,-3.834629,12.654001,1.794151,-12.654001,184.3917999,41.39896083
106,POS,179.093132,50.462417,-3.715005,15.73605,1.762356,-15.73605,179.1417338,50.47611136
107,POS,173.86265,59.551524,-3.620789,18.907384,1.73712,-18.907384,173.9085852,59.56725774
108,POS,168.638734,68.605303,-3.550822,22.137385,1.718262,-22.137385,168.6823915,68.62306367
109,POS,163.43984,77.654626,-3.506024,25.413639,1.706133,-25.413639,163.481595,77.67446494
110,POS,158.240184,86.685466,-3.485072,28.714344,1.700445,-28.714344,158.2803587,86.70747405
111,POS,153.031586,95.726599,-3.488175,32.027417,1.701288,-32.027417,153.0704744,95.75092505
112,POS,215.592744,5.202667,-5.044797,1.382389,2.104267,-1.382389,215.673141,5.204607133
113,POS,210.390253,14.233781,-4.815894,3.870401,2.046859,-3.870401,210.4650292,14.23883992
114,POS,205.183093,23.257197,-4.611264,6.46679,1.995133,-6.46679,205.2528103,23.26509935
115,POS,199.977245,32.28508,-4.431206,9.170916,1.949252,-9.170916,200.0424417,32.2956056
116,POS,194.753631,41.348039,-4.275158,11.986454,1.909174,-11.986454,194.8148033,41.36102646
117,POS,189.506912,50.462612,-4.143312,14.910933,1.875058,-14.910933,189.5645286,50.47795436
118,POS,184.277019,59.54667,-4.036566,17.907549,1.847252,-17.907549,184.3315449,59.56428934
119,POS,179.053197,68.607518,-3.954311,20.965251,1.825705,-20.965251,179.1050532,68.62738766
120,POS,173.854426,77.638308,-3.896961,24.064143,1.810615,-24.064143,173.9040163,77.66045358
121,POS,168.655095,86.670127,-3.863853,27.198168,1.801878,-27.198168,168.7027768,86.6946302
122,POS,163.446281,95.705959,-3.854716,30.351104,1.799464,-30.351104,163.4923765,95.73295024
123,POS,158.248634,104.741309,-3.870224,33.499704,1.803561,-33.499704,158.2934504,104.770972
124,POS,226.004616,5.20282,-5.561013,1.318765,2.232352,-1.318765,226.0978065,5.204965326
125,POS,220.802775,14.229185,-5.319695,3.687211,2.172681,-3.687211,220.8897521,14.23479006
126,POS,215.595622,23.261744,-5.102621,6.15812,2.118702,-6.15812,215.6769727,23.27052135
127,POS,210.388311,32.317634,-4.910212,8.732914,2.070567,-8.732914,210.4646032,32.3293532
128,POS,205.167155,41.341782,-4.741456,11.392708,2.02809,-11.392708,205.2389078,41.35624041
129,POS,199.920516,50.426528,-4.596705,14.156589,1.991437,-14.156589,199.9882226,50.44360583
130,POS,194.691621,59.521908,-4.477607,16.999652,1.961111,-16.999652,194.7557847,59.54152439
131,POS,189.467524,68.577093,-4.382801,19.897542,1.936853,-19.897542,189.528594,68.59919709
132,POS,184.268924,77.622912,-4.313382,22.843161,1.91902,-22.843161,184.3273413,77.64752018
133,POS,179.069504,86.655195,-4.268042,25.823237,1.907339,-25.823237,179.1256525,86.68236637
134,POS,173.860831,95.690899,-4.246718,28.827855,1.901835,-28.827855,173.9150634,95.72074788
135,POS,168.663659,104.721625,-4.25004,31.835744,1.902693,-31.835744,168.7163131,104.7543174
136,POS,236.416418,5.202984,-6.101909,1.260745,2.365161,-1.260745,236.5236542,5.205344024
137,POS,231.215143,14.228888,-5.848342,3.521518,2.303033,-3.521518,231.3155513,14.23506709
138,POS,226.008091,23.252494,-5.618881,5.87412,2.246616,-5.87412,226.1022816,23.26218465
139,POS,220.799357,32.296346,-5.413915,8.321648,2.196017,-8.321648,220.8879215,32.30930034
140,POS,215.580565,41.367331,-5.233235,10.862338,2.151219,-10.862338,215.6640612,41.38335292
141,POS,210.334018,50.3891,-5.075337,13.472276,2.111894,-13.472276,210.4129449,50.40800827
142,POS,205.105538,59.49182,-4.943851,16.175049,2.079004,-16.175049,205.1804421,59.5135463
143,POS,199.882451,68.552724,-4.83673,18.930184,2.052103,-18.930184,199.9538111,68.57719803
144,POS,194.68293,77.592933,-4.754841,21.730275,2.031469,-21.730275,194.7512155,77.62014892
145,POS,189.483958,86.638469,-4.697482,24.571481,2.016978,-24.571481,189.5495895,86.66847793
146,POS,184.275264,95.675817,-4.663955,27.438364,2.008492,-27.438364,184.3386193,95.70871112
147,POS,179.078456,104.707107,-4.655151,30.314811,2.006262,-30.314811,179.1399041,104.7430357
148,POS,173.885775,113.739788,-4.670876,33.188953,2.010245,-33.188953,173.9456503,113.7789528
149,POS,246.838139,5.203163,-6.667712,1.207573,2.503299,-1.207573,246.9607273,5.20574707
150,FIF,241.627317,14.223609,-6.401469,3.36888,2.438354,-3.36888,241.7424262,14.23038501
151,POS,236.420299,23.253682,-6.159827,5.617395,2.379327,-5.617395,236.5285798,23.26433222
152,POS,231.210442,32.278714,-5.94241,7.947554,2.326105,-7.947554,231.312506,32.2929629
153,POS,225.994948,41.335119,-5.749412,10.364993,2.278736,-10.364993,226.0913842,41.35275745
154,POS,220.747479,50.412015,-5.579621,12.864012,2.236941,-12.864012,220.8388157,50.43287353
155,POS,215.51929,59.455303,-5.435037,15.422583,2.201242,-15.422583,215.6060843,59.47924694
156,POS,210.296516,68.52329,-5.315623,18.047749,2.171671,-18.047749,210.3792891,68.5502609
157,POS,205.096945,77.569992,-5.221518,20.717187,2.148307,-20.717187,205.1761971,77.59996603
158,POS,199.897878,86.60892,-5.151744,23.425437,2.130945,-23.425437,199.9740556,86.64192517
159,POS,194.689627,95.659188,-5.106229,26.166824,2.119602,-26.166824,194.7631428,95.6953094
160,POS,189.493,104.691658,-5.085266,28.919903,2.114372,-28.919903,189.5642502,104.7310225
161,POS,184.300546,113.724981,-5.088871,31.677185,2.115272,-31.677185,184.3698946,113.7677734
162,POS,179.106358,122.756412,-5.116722,34.426068,2.122218,-34.426068,179.1741331,122.8028639
163,POS,257.252581,5.203355,-7.257219,1.158743,2.647062,-1.158743,257.3918448,5.206171838
164,POS,252.044444,14.225931,-6.979102,3.23047,2.579218,-3.23047,252.1755757,14.23333235
165,POS,246.832142,23.247567,-6.725043,5.380457,2.517278,-5.380457,246.9558018,23.25921374
166,POS,241.621641,32.280091,-6.495493,7.609524,2.461298,-7.609524,241.7384758,32.29569986
167,POS,236.409626,41.304861,-6.290191,9.910531,2.411185,-9.910531,236.520248,41.32418858
168,POS,231.161858,50.37978,-6.107991,12.294876,2.366649,-12.294876,231.2668179,50.40265512
169,POS,225.93291,59.445972,-5.951322,14.741178,2.328289,-14.741178,226.0327979,59.47225384
170,POS,220.710026,68.48986,-5.81923,17.239955,2.295887,-17.239955,220.8053821,68.51945053
171,POS,215.510811,77.54065,-5.712918,19.788698,2.269763,-19.788698,215.6021729,77.57352195
172,POS,210.312055,86.586048,-5.631009,22.377099,2.249604,-22.377099,210.3998988,86.62221355
173,POS,205.104645,95.629603,-5.573119,24.997186,2.235338,-24.997186,205.1894074,95.66912331
174,POS,199.907269,104.672739,-5.540138,27.636845,2.227203,-27.636845,199.9893803,104.715733
175,POS,194.715187,113.707386,-5.53161,30.28355,2.225098,-30.28355,194.7950389,113.7540169
176,POS,189.520745,122.739141,-5.547294,32.928266,2.228968,-32.928266,189.5986935,122.7896227
177,POS,267.667769,5.203564,-7.870659,1.113712,2.797126,-1.113712,267.8250868,5.206622319
178,POS,262.457076,14.223228,-7.580439,3.101972,2.726034,-3.101972,262.6055768,14.23127564
179,POS,257.245228,23.24821,-7.314422,5.164005,2.661026,-5.164005,257.385602,23.26089612
180,POS,252.034981,32.272538,-7.072788,7.296894,2.602065,-7.296894,252.1678977,32.2895577
181,POS,246.822518,41.305017,-6.855427,9.500247,2.549065,-9.500247,246.9486166,41.32611923
182,POS,241.576687,50.349591,-6.660775,11.773088,2.501608,-11.773088,241.6965351,50.37456983
183,POS,236.347185,59.413428,-6.491778,14.110744,2.460391,-14.110744,236.4614027,59.44214027
184,POS,231.128043,68.474233,-6.347859,16.502504,2.425267,-16.502504,231.2372079,68.5065743
185,POS,225.924551,77.507637,-6.228817,18.935489,2.396191,-18.935489,226.0292114,77.54354271
186,POS,220.72603,86.556806,-6.134746,21.412425,2.373194,-21.412425,220.826701,86.59628373
187,POS,215.518882,95.60656,-6.064743,23.922603,2.356067,-23.922603,215.6160289,95.64965544
188,POS,210.321473,104.643918,-6.019405,26.452307,2.344967,-26.452307,210.4155499,104.6907253
189,POS,205.129745,113.686869,-5.998894,28.996067,2.339944,-28.996067,205.2211793,113.7375437
190,POS,199.935558,122.719129,-6.00241,31.541328,2.340805,-31.541328,200.0247306,122.7738626
191,POS,194.744335,131.752958,-6.030497,34.08005,2.347683,-34.08005,194.831609,131.8120026
192,POS,278.094967,5.203789,-8.508655,1.072009,2.954296,-1.072009,278.271789,5.207097742
193,POS,272.88084,14.222591,-8.206283,2.983565,2.879634,-2.983565,273.048131,14.23131023
194,POS,267.662804,23.247127,-7.927934,4.963813,2.811182,-4.963813,267.8212761,23.26089066
195,POS,262.450433,32.272277,-7.674202,7.010197,2.74898,-7.010197,262.6007901,32.29076569
196,POS,257.238503,41.294646,-7.44476,9.119916,2.692862,-9.119916,257.3814111,41.31758711
197,POS,251.99369,50.347747,-7.238108,11.298784,2.642397,-11.298784,252.129742,50.37492988
198,POS,246.762246,59.383505,-7.056492,13.53098,2.59809,-13.53098,246.8920772,59.41474898
199,POS,241.542032,68.441362,-6.900271,15.820172,2.559998,-15.820172,241.666255,68.47656081
200,POS,236.339412,77.492988,-6.7694,18.153725,2.528092,-18.153725,236.4586114,77.53207213
201,POS,231.139839,86.523335,-6.662744,20.522547,2.502088,-20.522547,231.2545438,86.56627284
202,POS,225.930951,95.573444,-6.580426,22.929363,2.482014,-22.929363,226.0416577,95.62027523
203,POS,220.735635,104.618025,-6.523143,25.358691,2.468043,-25.358691,220.8428345,104.6688324
204,POS,215.544261,113.658685,-6.490394,27.803138,2.460053,-27.803138,215.6484027,113.7136
205,POS,210.350327,122.700956,-6.481986,30.255746,2.458002,-30.255746,210.4518249,122.7601614
206,POS,205.159459,131.735505,-6.497923,32.705037,2.46189,-32.705037,205.2587006,131.7992293
207,POS,288.520497,5.204032,-9.17048,1.033329,3.119061,-1.033329,288.7183099,5.207599944
208,POS,283.299843,14.229781,-8.855715,2.875476,3.040449,-2.875476,283.4873731,14.23920039
209,POS,278.07978,23.248036,-8.565241,4.778931,2.968308,-4.778931,278.2577775,23.26291696
210,POS,272.860653,32.273705,-8.299135,6.745552,2.902525,-6.745552,273.0298416,32.29371647
211,POS,267.649767,41.298301,-8.057807,8.771551,2.84309,-8.771551,267.8108547,41.32315679
212,POS,262.411205,50.331,-7.839225,10.857585,2.789416,-10.857585,262.5648108,50.36046191
213,POS,257.182799,59.378796,-7.645829,13.000734,2.742035,-13.000734,257.3295863,59.41268651
214,POS,251.957037,68.411117,-7.476803,15.190662,2.700693,-15.190662,252.0976212,68.44928828
215,POS,246.753235,77.459791,-7.333682,17.427908,2.665729,-17.427908,246.8882438,77.50217241
216,POS,241.554656,86.509371,-7.215298,19.704264,2.636831,-19.704264,241.6846548,86.55592823
217,POS,236.346852,95.544478,-7.120554,22.011284,2.613715,-22.011284,236.4723513,95.59521175
218,POS,231.149812,104.586756,-7.050948,24.344996,2.596738,-24.344996,231.2713318,104.6417392
219,POS,225.958811,113.631634,-7.006136,26.697205,2.58581,-26.697205,226.0768339,113.6909861
220,POS,220.765092,122.670975,-6.98546,29.059304,2.580768,-29.059304,220.8800563,122.7348564
221,POS,215.574184,131.715951,-6.989494,31.424954,2.581752,-31.424954,215.686511,131.7845829
222,POS,210.382581,140.75085,-7.0176,33.783445,2.588606,-33.783445,210.492651,140.8244894
223,POS,298.953468,5.204294,-9.857001,0.997326,3.292316,-0.997326,299.1738478,5.208130454
224,POS,293.728561,14.218382,-9.529742,2.771327,3.209402,-2.771327,293.937871,14.22851397
225,POS,288.505535,23.257544,-9.227068,4.608867,3.133246,-4.608867,288.7045643,23.27358852
226,POS,283.281475,32.275235,-8.948564,6.499878,3.063588,-6.499878,283.4709708,32.29682491
227,POS,278.067188,41.301079,-8.695034,8.448328,3.000497,-8.448328,278.2478929,41.32791895
228,POS,272.827144,50.336734,-8.464336,10.453541,2.943331,-10.453541,272.9997065,50.36857186
229,POS,267.60045,59.355858,-8.258622,12.506177,2.892533,-12.506177,267.7655598,59.39248064
230,POS,262.380923,68.406696,-8.078133,14.612593,2.848088,-14.612593,262.5392418,68.44797213
231,POS,257.168712,77.430867,-7.922044,16.75651,2.809737,-16.75651,257.3208566,77.47667619
232,POS,251.96764,86.476933,-7.791341,18.942554,2.777676,-18.942554,252.1142213,86.52724067
233,POS,246.762098,95.530283,-7.684954,21.163172,2.751613,-21.163172,246.9036679,95.58508967
234,POS,241.563171,104.560869,-7.602848,23.405424,2.731516,-23.405424,241.700259,104.6202077
235,POS,236.373441,113.597456,-7.545742,25.668226,2.717548,-25.668226,236.5065631,113.6614324
236,POS,231.179947,122.643407,-7.513065,27.946423,2.709557,-27.946423,231.3095727,122.7121748
237,POS,225.989315,131.685151,-7.504825,30.229578,2.707543,-30.229578,226.1158894,131.7589065
238,POS,220.798536,140.727742,-7.521,32.511731,2.711497,-32.511731,220.9224732,140.8067344
239,FIF,215.603297,149.76275,-7.5611,34.784686,2.721304,-34.784686,215.7249722,149.8472682
240,POS,309.394888,5.204578,-10.568833,0.963727,3.474915,-0.963727,309.6395092,5.208692967
241,POS,304.165392,14.217045,-10.228797,2.676124,3.387288,-2.676124,304.3981073,14.22792239
242,POS,298.933687,23.243163,-9.913162,4.446006,3.306608,-4.446006,299.1553132,23.26039523
243,POS,293.71075,32.275395,-9.622605,6.270979,3.232867,-6.270979,293.9220962,32.29861948
244,POS,288.48866,41.300648,-9.356448,8.147226,3.165739,-8.147226,288.6904816,41.32954121
245,POS,283.262855,50.323803,-9.11438,10.073924,3.105015,-10.073924,283.455869,50.3580934
246,POS,278.029621,59.359249,-8.896349,12.051694,3.05057,-12.051694,278.2145119,59.39872317
247,POS,272.801211,68.375285,-8.702714,14.070827,3.002404,-14.070827,272.9786516,68.41975896
248,POS,267.589952,77.423349,-8.534976,16.137048,2.960812,-16.137048,267.7606253,77.4727309
249,POS,262.380822,86.446658,-8.391294,18.235511,2.925276,-18.235511,262.545334,86.5008598
250,POS,257.175223,95.496859,-8.272705,20.371469,2.896006,-20.371469,257.3341736,95.55588211
251,POS,251.987934,104.541895,-8.179454,22.53203,2.873025,-22.53203,252.1419066,104.6057734
252,POS,246.787326,113.571952,-8.109454,24.711969,2.855793,-24.711969,246.9368185,113.6407487
253,POS,241.59495,122.609516,-8.064452,26.907808,2.844724,-26.907808,241.7404774,122.6833712
254,POS,236.404576,131.653657,-8.044111,29.113424,2.839723,-29.113424,236.5466141,131.732758
255,POS,231.216804,140.694437,-8.048185,31.320334,2.840724,-31.320334,231.3557963,140.7790132
256,POS,226.028648,149.734666,-8.076585,33.522833,2.847708,-33.522833,226.1650057,149.8249974
257,POS,319.850121,5.204885,-11.307161,0.932285,3.667899,-0.932285,320.120784,5.209289468
258,POS,314.612103,14.217002,-10.953653,2.587378,3.57502,-2.587378,314.8699553,14.22865408
259,POS,309.378502,23.237608,-10.625208,4.295455,3.489517,-4.295455,309.6244215,23.25607916
260,POS,304.147696,32.261157,-10.321578,6.054763,3.411123,-6.054763,304.3825177,32.2860647
261,POS,298.923722,41.293825,-10.043004,7.865157,3.339723,-7.865157,299.1482559,41.32484248
262,POS,293.694739,50.321298,-9.788509,9.722581,3.274912,-9.722581,293.9097323,50.35813469
263,POS,288.474419,59.345236,-9.558944,11.624763,3.216775,-11.624763,288.6806179,59.38765543
264,POS,283.240527,68.372772,-9.352929,13.57127,3.164854,-13.57127,283.4386022,68.42058632
265,POS,278.012139,77.388951,-9.171448,15.555361,3.119303,-15.555361,278.2027675,77.44201537
266,POS,272.809994,86.429959,-9.016376,17.578918,3.080514,-17.578918,272.993876,86.48821533
267,POS,267.593405,95.45566,-8.884476,19.632285,3.047612,-19.632285,267.7711167,95.51905315
268,POS,262.401352,104.508495,-8.778994,21.716269,3.021359,-21.716269,262.5735344,104.5770713
269,POS,257.211709,113.548234,-8.697715,23.819457,3.001163,-23.819457,257.3789127,113.6220475
270,POS,252.014008,122.580228,-8.640111,25.938401,2.986867,-25.938401,252.1767411,122.6593818
271,POS,246.820044,131.619729,-8.607269,28.069301,2.978724,-28.069301,246.9788133,131.7043946
272,POS,241.633103,140.662841,-8.59928,30.205139,2.976743,-30.205139,241.7883905,140.7532391
273,POS,236.444935,149.703018,-8.615484,32.339584,2.98076,-32.339584,236.5971765,149.7994084
274,POS,231.256874,158.743266,-8.656044,34.467144,2.99082,-34.467144,231.4064807,158.8459616
275,POS,330.318532,5.205216,-12.073034,0.902802,3.872334,-0.902802,330.6171789,5.209922128
276,POS,325.078996,14.216518,-11.705999,2.504092,3.773798,-2.504092,325.3638729,14.22897638
277,POS,319.828921,23.235072,-11.363253,4.155149,3.682721,-4.155149,320.1009193,23.25483225
278,POS,314.595961,32.254673,-11.046598,5.853927,3.599353,-5.853927,314.8560019,32.28133429
279,POS,309.365682,41.280926,-10.754879,7.600497,3.523185,-7.600497,309.6146076,41.31414197
280,POS,304.13573,50.314371,-10.487863,9.393587,3.453981,-9.393587,304.3743424,50.35384558
281,POS,298.912497,59.340436,-10.245747,11.228433,3.391639,-11.228433,299.1415739,59.38591259
282,POS,293.686595,68.356517,-10.027751,13.102499,3.335827,-13.102499,293.9068586,68.40778407
283,POS,288.459291,77.376609,-9.834108,15.015598,3.286496,-15.015598,288.6714393,77.43351588
284,POS,283.236538,86.39202,-9.665035,16.962608,3.243605,-16.962608,283.4412496,86.45446057
285,POS,278.024213,95.43731,-9.521578,18.945797,3.207341,-18.945797,278.2221617,95.5052598
286,POS,272.821097,104.465024,-9.402689,20.952178,3.177374,-20.952178,273.0129054,104.5384687
287,POS,267.630443,113.512587,-9.309372,22.983709,3.153906,-22.983709,267.8167261,113.591597
288,POS,262.441442,122.55013,-9.24025,25.030778,3.136552,-25.030778,262.6227506,122.6347942
289,POS,257.245276,131.5858,-9.194988,27.090599,3.125202,-27.090599,257.4221197,131.6762589
290,POS,252.057751,140.62325,-9.174607,29.157188,3.120095,-29.157188,252.2306428,140.7197065
291,POS,246.867458,149.670397,-9.178725,31.227526,3.121127,-31.227526,247.036866,149.7731054
292,POS,241.67754,158.713293,-9.207083,33.293511,3.128234,-33.293511,241.8439013,158.822545
293,POS,340.797188,5.205575,-12.867597,0.875108,4.089389,-0.875108,341.1259218,5.210596311
294,POS,335.552207,14.218306,-12.486083,2.426335,3.984515,-2.426335,335.866116,14.23160722
295,POS,330.298035,23.22497,-12.129266,4.022144,3.887525,-4.022144,330.5980722,23.24606717
296,POS,325.054239,32.249735,-11.798497,5.665967,3.798531,-5.665967,325.3413675,32.278222
297,POS,319.81986,41.272437,-11.493384,7.353324,3.717195,-7.353324,320.0949911,41.30794239
298,POS,314.589074,50.294871,-11.213326,9.083283,3.643157,-9.083283,314.85306,50.33707571
299,POS,309.371478,59.320811,-10.958902,10.854501,3.576392,-10.854501,309.6251573,59.36945305
300,POS,304.1501,68.340233,-10.72868,12.663611,3.516373,-12.663611,304.3942298,68.39508713
301,POS,298.925421,77.362295,-10.522758,14.509867,3.462997,-14.509867,299.1607292,77.42319308
302,POS,293.676715,86.384136,-10.339693,16.39109,3.415783,-16.39109,293.903852,86.45094768
303,POS,288.453718,95.402776,-10.182688,18.301044,3.375464,-18.301044,288.6734134,95.47543774
304,POS,283.254608,104.435641,-10.0519,20.238871,3.341995,-20.238871,283.4675614,104.5141567
305,POS,278.057515,113.471479,-9.945668,22.199701,3.314888,-22.199701,278.2643426,113.5558825
306,POS,272.870897,122.512376,-9.864567,24.178917,3.29424,-24.178917,273.0722046,122.6027582
307,POS,267.682215,131.551279,-9.807628,26.171612,3.279767,-26.171612,267.8785507,131.6477673
308,POS,262.490887,140.589317,-9.774842,28.173366,3.271442,-28.173366,262.6827688,140.6920883
309,POS,257.291318,149.636802,-9.766236,30.181646,3.269258,-30.181646,257.4792327,149.7460904
310,POS,252.09927,158.687269,-9.782557,32.188914,3.2734,-32.188914,252.2837016,158.8033619
311,POS,246.917324,167.729911,-9.823532,34.188105,3.283808,-34.188105,247.0987242,167.8531354
312,POS,351.280618,5.205963,-13.691992,0.849059,4.320331,-0.849059,351.6417225,5.211314553
313,POS,346.034733,14.214559,-13.29556,2.352297,4.208522,-2.352297,346.3798714,14.22873674
314,POS,340.778866,23.232078,-12.924261,3.900018,4.105071,-3.900018,341.1090592,23.25458842
315,POS,335.530289,32.234896,-12.579013,5.487649,4.009947,-5.487649,335.8465515,32.26527981
316,POS,330.285806,41.261496,-12.259553,7.120878,3.922819,-7.120878,330.5890984,41.2993853
317,POS,325.050884,50.288478,-11.965927,8.794482,3.84347,-8.794482,325.34213,50.33353654
318,POS,319.828324,59.302608,-11.697953,10.504491,3.771649,-10.504491,320.1084051,59.35454068
319,POS,314.601034,68.336209,-11.454655,12.255153,3.706922,-12.255153,314.8707556,68.39479671
320,POS,309.373021,77.35203,-11.235694,14.037773,3.649049,-14.037773,309.6331514,77.41706999
321,FIF,304.144678,86.3733,-11.041361,15.853886,3.59798,-15.853886,304.39596,86.44466095
322,POS,298.918599,95.390299,-10.871596,17.698818,3.553588,-17.698818,299.1617433,95.46789072
323,POS,293.697158,104.410906,-10.72666,19.570571,3.515848,-19.570571,293.932853,104.4946968
324,POS,288.499421,113.443777,-10.60798,21.465751,3.485053,-21.465751,288.7283702,113.5338045
325,POS,283.304821,122.479109,-10.513948,23.379925,3.46072,-23.379925,283.5276455,122.5754411
326,POS,278.114386,131.526696,-10.444905,25.310545,3.442892,-25.310545,278.3316852,131.6294618
327,POS,272.923365,140.568834,-10.400054,27.250674,3.431327,-27.250674,273.1356881,140.6781907
328,POS,267.728162,149.605054,-10.379125,29.196223,3.425935,-29.196223,267.9360227,149.7212055
329,POS,262.526411,158.657932,-10.382758,31.146682,3.426871,-31.146682,262.7303048,158.7811553
330,POS,257.345257,167.706617,-10.411861,33.091461,3.43437,-33.091461,257.5456894,167.8372347
331,NON,252.162106,176.750314,-10.46503,35.028121,3.448085,-35.028121,252.3595093,176.8886817
332,POS,361.783127,5.206384,-14.549105,0.824481,4.567061,-0.824481,362.1791538,5.212083181
333,POS,356.53093,14.220045,-14.1365,2.284001,4.447417,-2.284001,356.9097226,14.23515294
334,POS,351.271491,23.232906,-13.749722,3.784001,4.336732,-3.784001,351.634154,23.25689234
335,POS,346.019309,32.245241,-13.389574,5.323968,4.234909,-5.323968,346.3669338,32.27763585
336,POS,340.768571,41.247595,-13.055163,6.901668,4.141405,-6.901668,341.1021696,41.28797472
337,POS,335.525469,50.277241,-12.747047,8.522151,4.056118,-8.522151,335.8460278,50.32527554
338,POS,330.294391,59.301199,-12.46502,10.178467,3.97876,-10.178467,330.6028519,59.3565802
339,POS,325.070982,68.316073,-12.208444,11.868416,3.908957,-11.868416,325.3682239,68.37854059
340,POS,319.851287,77.335954,-11.977046,13.592517,3.846462,-13.592517,320.1381436,77.40531225
341,POS,314.623303,86.355671,-11.769773,15.348187,3.790843,-15.348187,314.900534,86.4317635
342,POS,309.393767,95.374515,-11.587014,17.132571,3.742079,-17.132571,309.6621165,95.4572371
343,POS,304.167566,104.400012,-11.429209,18.943856,3.700178,-18.943856,304.4277587,104.4893184
344,POS,298.948599,113.421707,-11.296325,20.776847,3.665039,-20.776847,299.2013306,113.5175939
345,POS,293.750911,122.455935,-11.189651,22.62979,3.636925,-22.62979,293.9968866,122.5584748
346,POS,288.553193,131.494549,-11.107533,24.498896,3.615339,-24.498896,288.7930315,131.6038441
347,POS,283.363186,140.541106,-11.050585,26.38027,3.600398,-26.38027,283.5974954,140.6573176
348,POS,278.169146,149.589855,-11.017886,28.269844,3.591829,-28.269844,278.3984754,149.7131805
349,POS,272.969703,158.626925,-11.008879,30.161535,3.58947,-30.161535,273.1945608,158.7575933
350,POS,267.784582,167.675147,-11.025557,32.053022,3.593839,-32.053022,268.0055048,167.8134793
351,POS,262.605756,176.725473,-11.067107,33.939322,3.60473,-33.939322,262.8232282,176.871825
352,POS,372.304572,5.206842,-15.440826,0.801254,4.831396,-0.801254,372.7383262,5.212908242
353,POS,367.046904,14.222657,-15.011204,2.219037,4.703038,-2.219037,367.4620334,14.2387428
354,POS,361.784479,23.239621,-14.608186,3.675407,4.584328,-3.675407,362.1821828,23.26516794
355,POS,356.519189,32.251191,-14.231495,5.168982,4.474818,-5.168982,356.9006058,32.28569446
356,POS,351.267336,41.266855,-13.882142,6.700391,4.37447,-6.700391,351.6335969,41.30988329
357,POS,346.01408,50.267603,-13.558386,8.265885,4.28249,-8.265885,346.3662008,50.31875777
358,POS,340.775422,59.295836,-13.261679,9.870792,4.199032,-9.870792,341.1144275,59.35482386
359,POS,335.555016,68.318525,-12.99166,11.508048,4.12376,-11.508048,335.8818788,68.3850738
360,POS,330.326002,77.329411,-12.745911,13.175689,4.055805,-13.175689,330.6415646,77.40328428
361,POS,325.099923,86.353919,-12.52558,14.875559,3.995315,-14.875559,325.4050314,86.43496271
362,POS,319.868254,95.368418,-12.329484,16.6019,3.941819,-16.6019,320.16368,95.45649899
363,POS,314.637249,104.387907,-12.158275,18.354412,3.895371,-18.354412,314.9237526,104.482961
364,POS,309.427165,113.415438,-12.01339,20.12958,3.856249,-20.12958,309.7055247,113.5174662
365,POS,304.208643,122.438262,-11.892373,21.923859,3.8237,-21.923859,304.4795197,122.5472848
366,POS,299.00727,131.474777,-11.797446,23.735298,3.798249,-23.735298,299.2713668,131.5909015
367,POS,293.812414,140.513049,-11.727514,25.559024,3.779545,-25.559024,294.0703688,140.6364135
368,POS,288.618081,149.564277,-11.682528,27.393564,3.767532,-27.393564,288.8704941,149.6950796
369,POS,283.434521,158.608349,-11.662486,29.231129,3.762185,-29.231129,283.6819715,158.7468209
370,POS,278.235112,167.644897,-11.665619,31.070209,3.763021,-31.070209,278.478089,167.7912979
371,POS,273.048024,176.699716,-11.694696,32.908435,3.77078,-32.908435,273.2870713,176.8544126
372,POS,267.86998,185.752885,-11.748763,34.739149,3.785224,-34.739149,268.1055885,185.9162664
373,POS,382.851708,5.207341,-16.369647,0.779258,5.115546,-0.779258,383.3262885,5.213795986
374,POS,377.581275,14.225697,-15.92148,2.157647,4.977284,-2.157647,378.0356812,14.24281714
375,POS,372.31036,23.245507,-15.500886,3.572672,4.849492,-3.572672,372.7459012,23.27270038
376,POS,367.036487,32.265703,-15.107224,5.023883,4.731562,-5.023883,367.4543896,32.30244028
377,POS,361.774214,41.273042,-14.741197,6.508454,4.623328,-6.508454,362.1756845,41.3188438
378,POS,356.52151,50.285321,-14.402351,8.028285,4.524318,-8.028285,356.9076835,50.33978857
379,POS,351.271943,59.289571,-14.089663,9.580394,4.433939,-9.580394,351.6438685,59.35234659
380,POS,346.050117,68.310962,-13.805129,11.166728,4.352503,-11.166728,346.4088733,68.38178119
381,POS,340.826055,77.330498,-13.545841,12.783489,4.278945,-12.783489,341.1725665,77.40911847
382,POS,335.598169,86.342713,-13.311368,14.428146,4.212954,-14.428146,335.9333056,86.42893697
383,POS,330.367518,95.360056,-13.101863,16.1007,4.154404,-16.1007,330.6921167,95.45375091
384,POS,325.135653,104.372163,-12.917097,17.797208,4.103087,-17.797208,325.4505107,104.4732358
385,POS,319.908601,113.396362,-12.757811,19.517629,4.059084,-19.517629,320.2145025,113.5047933
386,POS,314.691225,122.433475,-12.624339,21.258975,4.022378,-21.258975,314.9889325,122.5493008
387,POS,309.471704,131.456899,-12.515035,23.014738,3.99243,-23.014738,309.7618968,131.5801666
388,POS,304.271509,140.492776,-12.432075,24.784419,3.969767,-24.784419,304.5549043,140.6236295
389,POS,299.077457,149.538764,-12.374455,26.565057,3.95406,-26.565057,299.3547036,149.6773874
390,POS,293.89589,158.584419,-12.342237,28.351027,3.945289,-28.351027,294.1676131,158.7310391
391,POS,288.714729,167.629767,-12.334575,30.139747,3.943204,-30.139747,288.9814937,167.7846524
392,POS,283.515091,176.664566,-12.349843,31.927952,3.947359,-31.927952,283.7773804,176.8280044
393,POS,278.343637,185.717251,-12.392174,33.712126,3.958887,-33.712126,278.6020385,185.8896624
394,POS,393.424937,5.207884,-17.337325,0.758397,5.421659,-0.758397,393.9437144,5.214751212
395,POS,388.140778,14.229285,-16.869737,2.09953,5.272433,-2.09953,388.6376986,14.24750217
396,POS,382.863296,23.247053,-16.430889,3.474673,5.134609,-3.474673,383.3397898,23.2759852
397,POS,377.591794,32.264029,-16.020274,4.883881,5.007575,-4.883881,378.0492107,32.30311381
398,POS,372.323203,41.277959,-15.637166,6.326315,4.890694,-6.326315,372.7628062,41.32669602
399,POS,367.05958,50.285702,-15.281291,7.800735,4.78351,-7.800735,367.4825707,50.34365004
400,POS,361.805862,59.294163,-14.952744,9.307122,4.685718,-9.307122,362.2133945,59.36095103
401,POS,356.557594,68.302202,-14.650789,10.844214,4.5968,-10.844214,356.9507437,68.37751378
402,POS,351.332946,77.326055,-14.376874,12.412522,4.516919,-12.412522,351.7128001,77.40965838
403,POS,346.106481,86.351068,-14.128452,14.008888,4.4451,-14.008888,346.4739816,86.44275674
404,POS,340.874021,95.367865,-13.904804,15.630266,4.380945,-15.630266,341.2300437,95.46747107
405,POS,335.64099,104.385298,-13.706357,17.275842,4.324409,-17.275842,335.9863903,104.4927185
406,POS,330.406184,113.397881,-13.532738,18.942605,4.275245,-18.942605,330.7417679,113.5130559
407,POS,325.172714,122.420562,-13.384453,20.630281,4.23347,-20.630281,325.4992673,122.5435023
408,POS,319.951289,131.457285,-13.262356,22.336121,4.199221,-22.336121,320.2695952,131.5880664
409,POS,314.740071,140.488302,-13.16565,24.054214,4.172189,-24.054214,315.0508555,140.6270247
410,POS,309.544573,149.527366,-13.09506,25.783145,4.152509,-25.783145,309.848551,149.6742044
411,POS,304.359611,158.56694,-13.049907,27.51886,4.139943,-27.51886,304.6574441,158.7221067
412,POS,299.178985,167.613923,-13.029974,29.259569,4.134402,-29.259569,299.4712916,167.7776867
413,POS,293.998533,176.660957,-13.034708,31.001262,4.135718,-31.001262,294.2858848,176.833624
414,POS,288.801639,185.695643,-13.062499,32.740483,4.143446,-32.740483,289.0845264,185.8775359
415,POS,283.637442,194.74778,-13.117824,34.47381,4.158851,-34.47381,283.9164738,194.9393655
416,POS,404.081201,5.208477,-18.350559,0.738483,5.753582,-0.738483,404.648049,5.215783488
417,POS,398.738956,14.225389,-17.858705,2.043215,5.590985,-2.043215,399.2819436,14.2447606
418,POS,393.449077,23.249638,-17.40047,3.381782,5.442001,-3.381782,393.9699342,23.28041642
419,POS,388.167805,32.268975,-16.971185,4.752158,5.304599,-4.752158,388.6679802,32.31055532
420,POS,382.890716,41.283512,-16.570017,6.153893,5.178072,-6.153893,383.3715667,41.33535761
421,POS,377.618145,50.294466,-16.196593,7.5865,5.061899,-7.5865,378.0809573,50.35610736
422,POS,372.348713,59.303226,-15.850413,9.049377,4.955559,-9.049377,372.7946993,59.37425734
423,POS,367.092929,68.311732,-15.532043,10.541503,4.858895,-10.541503,367.523278,68.39181495
424,POS,361.850852,77.323843,-15.241188,12.06211,4.771514,-12.06211,362.2666893,77.41270319
425,POS,356.626281,86.349467,-14.978049,13.611002,4.693211,-13.611002,357.0286912,86.44690208
426,POS,351.396985,95.375716,-14.740313,15.185311,4.623068,-15.185311,351.7869152,95.48155036
427,POS,346.159685,104.396074,-14.527379,16.782448,4.56072,-16.782448,346.5380205,104.5101738
428,POS,340.921924,113.416595,-14.339816,18.401054,4.506168,-18.401054,341.2895353,113.5388905
429,POS,335.673666,122.435172,-14.176645,20.03917,4.458987,-20.03917,336.0313478,122.5656345
430,POS,330.441604,131.452755,-14.039819,21.693125,4.419619,-21.693125,330.7901939,131.5914273
431,POS,325.231465,140.491382,-13.930301,23.363066,4.388235,-23.363066,325.5717931,140.6383947
432,POS,320.024196,149.522514,-13.845693,25.043041,4.364066,-25.043041,320.3569762,149.6779964
433,POS,314.833968,158.562743,-13.787499,26.731619,4.347482,-26.731619,315.1599323,158.7269114
434,POS,309.652699,167.606302,-13.754882,28.425438,4.3382,-28.425438,309.9725172,167.7794106
435,POS,304.467332,176.653076,-13.746898,30.122466,4.335929,-30.122466,304.7816065,176.8354193
436,POS,299.29768,185.703512,-13.764947,31.818123,4.341063,-31.818123,299.6070364,185.8954566
437,POS,294.103927,194.734795,-13.805322,33.509705,4.352558,-33.509705,294.4088342,194.936683
438,NON,288.953309,203.790235,-13.874466,35.194187,4.372278,-35.194187,289.2544241,204.0026026
439,FIF,409.474266,14.197003,-18.898949,1.985723,5.938152,-1.985723,410.0675658,14.21757347
440,POS,404.122544,23.218728,-18.415962,3.288295,5.775412,-3.288295,404.6916655,23.25142669
441,POS,398.819158,32.244354,-17.966249,4.622285,5.626299,-4.622285,399.365823,32.28855163
442,POS,393.534784,41.265881,-17.546494,5.986133,5.489217,-5.986133,394.0605,41.32100735
443,POS,388.254349,50.281413,-17.15486,7.379098,5.363133,-7.379098,388.7604821,50.34696047
444,POS,382.975029,59.289875,-16.790698,8.800323,5.247451,-8.800323,383.4628651,59.36539884
445,POS,377.695835,68.298438,-16.453664,10.249986,5.141709,-10.249986,378.1665949,68.38356513
446,POS,372.4316,77.312536,-16.144837,11.727385,5.045918,-11.727385,372.8865009,77.40696823
447,POS,367.188181,86.331367,-15.864379,13.230783,4.959825,-13.230783,367.6283974,86.43486838
448,POS,361.959983,95.356349,-15.611525,14.758917,4.882927,-14.758917,362.3866092,95.46874131
449,POS,356.724409,104.385028,-15.384085,16.31058,4.814334,-16.31058,357.1384017,104.5061709
450,POS,351.492977,113.402714,-15.182459,17.881337,4.753976,-17.881337,351.8952751,113.532508
451,POS,346.256488,122.421077,-15.00598,19.471356,4.701489,-19.471356,346.6479606,122.5594845
452,POS,341.024728,131.441075,-14.855323,21.078147,4.65693,-21.078147,341.4062344,131.5881189
453,POS,335.785391,140.454435,-14.729134,22.698891,4.619784,-22.698891,336.1577027,140.6101679
454,POS,330.586206,149.495602,-14.632116,24.333133,4.591332,-24.333133,330.9502346,149.6602207
455,POS,325.380123,158.528685,-14.559383,25.97584,4.570062,-25.97584,325.7365632,158.7023465
456,POS,320.190631,167.570784,-14.513241,27.625173,4.556596,-27.625173,320.5402291,167.7537451
457,POS,315.006255,176.61553,-14.492562,29.278176,4.550568,-29.278176,315.3496826,176.8080806
458,POS,309.825442,185.662528,-14.497202,30.932099,4.55192,-30.932099,310.1633339,185.8650093
459,POS,304.656415,194.714323,-14.527854,32.583769,4.560858,-32.583769,304.9894008,194.9271434
460,NON,299.461566,203.749679,-14.580945,34.230852,4.576362,-34.230852,299.7901196,203.9732225
461,ETC,409.459957,32.248592,-18.998638,4.503253,5.972076,-4.503253,410.0566851,32.29558961
462,POS,404.147873,41.278355,-18.558247,5.831783,5.823076,-5.831783,404.7218569,41.33697985
463,POS,398.858533,50.299485,-18.14811,7.187548,5.686319,-7.187548,399.4113013,50.36919383
464,POS,393.57385,59.315593,-17.766165,8.570557,5.560705,-8.570557,394.1067799,59.39591097
465,POS,388.290327,68.325855,-17.411751,9.979934,5.44564,-9.979934,388.8047162,68.41636995
466,POS,383.007996,77.333682,-17.084608,11.415197,5.3407,-11.415197,383.5050817,77.43404927
467,POS,377.741454,86.343664,-16.785829,12.875399,5.245915,-12.875399,378.2224735,86.45361484
468,POS,372.508215,95.364327,-16.516812,14.359658,5.161426,-14.359658,372.9744173,95.48367758
469,POS,367.283208,104.387676,-16.274875,15.865985,5.086126,-15.865985,367.7356747,104.5162742
470,POS,362.050127,113.406552,-16.058209,17.392351,5.019235,-17.392351,362.4898214,113.5442794
471,POS,356.818155,122.425394,-15.867516,18.93725,4.960783,-18.93725,357.2460287,122.5721988
472,POS,351.58084,131.442079,-15.702025,20.498769,4.910372,-20.498769,351.9977748,131.5979543
473,POS,346.344975,140.462498,-15.562338,22.07534,4.868047,-22.07534,346.7518373,140.6275037
474,POS,341.111212,149.483456,-15.448292,23.664234,4.833643,-23.664234,341.508827,149.6577008
475,POS,335.907947,158.521088,-15.362587,25.26348,4.807879,-25.26348,336.2972075,158.7047871
476,POS,330.709526,167.562969,-15.302688,26.870292,4.789917,-26.870292,331.0911892,167.756349
477,POS,325.5193,176.606974,-15.268721,28.481565,4.779748,-28.481565,325.894096,176.8103155
478,NON,320.337006,185.652998,-15.260616,30.094662,4.777324,-30.094662,320.7056293,185.8666356
479,NON,315.158929,194.701275,-15.278089,31.707258,4.782552,-31.707258,315.5220305,194.9255946
480,NON,309.989652,203.755799,-15.321672,33.316867,4.795606,-33.316867,310.3478701,203.9912553
481,NON,304.801298,212.798938,-15.388569,34.921061,4.815682,-34.921061,305.1551405,213.0459754
482,FIF,404.225409,59.321591,-18.784086,8.348775,5.899207,-8.348775,404.8071864,59.40696901
483,POS,398.935554,68.338881,-18.41184,9.720592,5.774035,-9.720592,399.4972327,68.43509829
484,POS,393.644277,77.349185,-18.066866,11.116713,5.659459,-11.116713,394.1871494,77.45585679
485,POS,388.358798,86.355441,-17.74962,12.536327,5.555301,-12.536327,388.8841331,86.47225449
486,POS,383.089415,95.372899,-17.461089,13.980001,5.461573,-13.980001,383.5984739,95.49963292
487,POS,377.852793,104.397078,-17.202413,15.444962,5.37835,-15.444962,378.3468428,104.5335792
488,POS,372.624629,113.420212,-16.970917,16.929303,5.304514,-16.929303,373.1047679,113.5663576
489,POS,367.386042,122.443874,-16.764765,18.432403,5.23927,-18.432403,367.8532439,122.5995849
490,POS,362.154678,131.464561,-16.585215,19.951235,5.182832,-19.951235,362.6099347,131.6298222
491,POS,356.90976,140.486544,-16.430457,21.485553,5.134475,-21.485553,357.3539408,140.6613821
492,POS,351.668982,149.510741,-16.301908,23.032588,5.094507,-23.032588,352.1029814,149.6952542
493,POS,346.435663,158.528282,-16.199388,24.58874,5.062763,-24.58874,346.8603359,158.7226115
494,POS,341.232939,167.564785,-16.125586,26.153665,5.039981,-26.153665,341.6492033,167.7691945
495,POS,336.040651,176.610884,-16.078466,27.724801,5.025467,-27.724801,336.4493059,176.8256583
496,FIF,330.848478,185.657667,-16.056824,29.299231,5.018809,-29.299231,331.2502424,185.8831196
497,NON,325.667527,194.706751,-16.061564,30.873925,5.020266,-30.873925,326.0631242,194.9432666
498,NON,320.491841,203.758362,-16.092228,32.446883,5.029703,-32.446883,320.8819424,204.0063758
499,NON,315.326169,212.817798,-16.149454,34.015934,5.047342,-34.015934,315.7114367,213.0778203
500,NON,404.312382,77.368452,-19.089997,10.833051,6.003266,-10.833051,404.9047327,77.48180312
501,ETC,399.011224,86.384671,-18.754597,12.215828,5.889232,-12.215828,399.5845053,86.50878459
502,POS,393.721763,95.393281,-18.447464,13.619515,5.785945,-13.619515,394.2772776,95.52787441
503,POS,388.443108,104.409809,-18.168602,15.044964,5.693106,-15.044964,388.9821064,104.5546866
504,POS,383.204612,113.440147,-17.920656,16.490346,5.611312,-16.490346,383.7284197,113.5952099
505,POS,377.954604,122.47768,-17.698495,17.955121,5.538624,-17.955121,378.4642628,122.6428369
506,POS,372.712972,131.501382,-17.503138,19.433969,5.475173,-19.433969,373.2095369,131.6765811
507,POS,367.484156,140.523431,-17.335089,20.926513,5.42094,-20.926513,367.9686597,140.7087019
508,POS,362.238745,149.545467,-17.191674,22.432634,5.374911,-22.432634,362.7120594,149.7408686
509,POS,357.000577,158.568158,-17.074874,23.949251,5.337596,-23.949251,357.4636241,158.7738286
510,POS,351.768135,167.583942,-16.984134,25.473343,5.308713,-25.473343,352.2217802,167.8000606
511,POS,346.569076,176.623367,-16.922842,27.004935,5.289257,-27.004935,347.0142785,176.8502573
512,POS,341.374433,185.67435,-16.888103,28.541872,5.278248,-28.541872,341.8119929,185.9123399
513,NON,336.188661,194.721628,-16.879595,30.07957,5.275553,-30.07957,336.6193403,194.9710789
514,NON,331.012369,203.769815,-16.897523,31.616277,5.281231,-31.616277,331.4369022,204.0311558
515,NON,325.846164,212.829023,-16.942429,33.150882,5.29547,-33.150882,326.2652679,213.102764
516,NON,320.686786,221.887768,-17.01354,34.679913,5.318063,-34.679913,321.1011203,222.1744519
517,FIF,393.926712,113.390039,-18.918818,16.058227,5.944905,-16.058227,394.4981456,113.5545236
518,POS,388.65221,122.444328,-18.678902,17.48696,5.863675,-17.48696,389.20813,122.6194698
519,POS,383.38629,131.492023,-18.466484,18.930701,5.79231,-18.930701,383.9278336,131.6777591
520,POS,378.13581,140.515642,-18.281365,20.385116,5.730539,-20.385116,378.6640707,140.7119442
521,POS,372.908118,149.543582,-18.124855,21.851768,5.678623,-21.851768,373.424198,149.7505403
522,POS,367.654716,158.566307,-17.992142,23.33012,5.634822,-23.33012,368.1594564,158.7839972
523,POS,362.419686,167.587405,-17.887145,24.816413,5.600311,-24.816413,362.9140723,167.8160154
524,POS,357.190057,176.613581,-17.808869,26.310217,5.574666,-26.310217,357.6749863,176.8533556
525,POS,351.991106,185.657962,-17.759959,27.809438,5.558677,-27.809438,352.4675483,185.9092619
526,POS,346.797988,194.710169,-17.737838,29.312088,5.551455,-29.312088,347.2667646,194.9733642
527,NON,341.616862,203.76023,-17.742532,30.814316,5.552987,-30.814316,342.0787681,204.0357378
528,NON,336.441256,212.812569,-17.773693,32.314992,5.563164,-32.314992,336.897034,213.1008668
529,NON,331.277862,221.875049,-17.832287,33.812401,5.582331,-33.812401,331.7282565,222.176703
530,NON,326.068172,230.969235,-17.915023,35.311714,5.609462,-35.311714,326.5137263,231.2848418
531,NON,383.551879,149.556603,-19.092997,21.302071,6.004292,-21.302071,384.1139113,149.7757537
532,OPT,378.312514,158.597059,-18.947493,22.74452,5.954657,-22.74452,378.8622138,158.8275055
533,OPT,373.055789,167.61875,-18.826166,24.194995,5.913457,-24.194995,373.5940297,167.8605885
534,FIF,367.822967,176.645359,-18.733541,25.652441,5.882117,-25.652441,368.350786,176.8988418
535,NON,362.597006,185.675302,-18.667928,27.115656,5.859976,-27.115656,363.1153222,185.9407165
536,NON,357.397057,194.719958,-18.631448,28.58279,5.847687,-28.58279,357.9068431,194.9977038
537,NON,352.205528,203.771149,-18.622179,30.05185,5.844567,-30.05185,352.7076343,204.0616464
538,NON,347.032787,212.829122,-18.641002,31.520059,5.850904,-31.520059,347.5280685,213.1328695
539,NON,341.854447,221.889013,-18.685643,32.986575,5.865949,-32.986575,342.3436225,222.2065243
540,NON,336.655826,230.974664,-18.756303,34.453452,5.889809,-34.453452,337.1395663,231.3065512
541,GIF,295.568779,207.45146,-14.494325,35.063943,5.361546,-35.063943,295.89125,207.6777934
542,GIF,357.223911,202.680763,-19.097053,29.569596,5.361546,-29.569596,357.7534886,202.9812333
